Date,Confirmed,Deaths,Recovered,Province/State
1/22/2020 17:00,1.0,0.0,0.0,Anhui
1/22/2020 17:00,14.0,0.0,0.0,Beijing
1/22/2020 17:00,6.0,0.0,0.0,Chongqing
1/22/2020 17:00,1.0,0.0,0.0,Fujian
1/22/2020 17:00,0.0,0.0,0.0,Gansu
1/22/2020 17:00,26.0,0.0,0.0,Guangdong
1/22/2020 17:00,2.0,0.0,0.0,Guangxi
1/22/2020 17:00,1.0,0.0,0.0,Guizhou
1/22/2020 17:00,4.0,0.0,0.0,Hainan
1/22/2020 17:00,1.0,0.0,0.0,Hebei
1/22/2020 17:00,0.0,0.0,0.0,Heilongjiang
1/22/2020 17:00,5.0,0.0,0.0,Henan
1/22/2020 17:00,444.0,17.0,28.0,Hubei
1/22/2020 17:00,4.0,0.0,0.0,Hunan
1/22/2020 17:00,0.0,0.0,0.0,Inner Mongolia
1/22/2020 17:00,1.0,0.0,0.0,Jiangsu
1/22/2020 17:00,2.0,0.0,0.0,Jiangxi
1/22/2020 17:00,0.0,0.0,0.0,Jilin
1/22/2020 17:00,2.0,0.0,0.0,Liaoning
1/22/2020 17:00,1.0,0.0,0.0,Ningxia
1/22/2020 17:00,0.0,0.0,0.0,Qinghai
1/22/2020 17:00,0.0,0.0,0.0,Shaanxi
1/22/2020 17:00,2.0,0.0,0.0,Shandong
1/22/2020 17:00,9.0,0.0,0.0,Shanghai
1/22/2020 17:00,1.0,0.0,0.0,Shanxi
1/22/2020 17:00,5.0,0.0,0.0,Sichuan
1/22/2020 17:00,4.0,0.0,0.0,Tianjin
1/22/2020 17:00,0.0,0.0,0.0,Tibet
1/22/2020 17:00,0.0,0.0,0.0,Xinjiang
1/22/2020 17:00,1.0,0.0,0.0,Yunnan
1/22/2020 17:00,10.0,0.0,0.0,Zhejiang
1/23/20 17:00,9.0,0.0,0.0,Anhui
1/23/20 17:00,22.0,0.0,0.0,Beijing
1/23/20 17:00,9.0,0.0,0.0,Chongqing
1/23/20 17:00,5.0,0.0,0.0,Fujian
1/23/20 17:00,2.0,0.0,0.0,Gansu
1/23/20 17:00,32.0,0.0,2.0,Guangdong
1/23/20 17:00,5.0,0.0,0.0,Guangxi
1/23/20 17:00,3.0,0.0,0.0,Guizhou
1/23/20 17:00,5.0,0.0,0.0,Hainan
1/23/20 17:00,1.0,1.0,0.0,Hebei
1/23/20 17:00,2.0,0.0,0.0,Heilongjiang
1/23/20 17:00,5.0,0.0,0.0,Henan
1/23/20 17:00,444.0,17.0,28.0,Hubei
1/23/20 17:00,9.0,0.0,0.0,Hunan
1/23/20 17:00,0.0,0.0,0.0,Inner Mongolia
1/23/20 17:00,5.0,0.0,0.0,Jiangsu
1/23/20 17:00,7.0,0.0,0.0,Jiangxi
1/23/20 17:00,1.0,0.0,0.0,Jilin
1/23/20 17:00,3.0,0.0,0.0,Liaoning
1/23/20 17:00,1.0,0.0,0.0,Ningxia
1/23/20 17:00,0.0,0.0,0.0,Qinghai
1/23/20 17:00,3.0,0.0,0.0,Shaanxi
1/23/20 17:00,6.0,0.0,0.0,Shandong
1/23/20 17:00,16.0,0.0,0.0,Shanghai
1/23/20 17:00,1.0,0.0,0.0,Shanxi
1/23/20 17:00,8.0,0.0,0.0,Sichuan
1/23/20 17:00,4.0,0.0,0.0,Tianjin
1/23/20 17:00,0.0,0.0,0.0,Tibet
1/23/20 17:00,2.0,0.0,0.0,Xinjiang
1/23/20 17:00,2.0,0.0,0.0,Yunnan
1/23/20 17:00,27.0,0.0,0.0,Zhejiang
1/24/20 17:00,549.0,24.0,31.0,Hubei
1/24/20 17:00,53.0,0.0,2.0,Guangdong
1/24/20 17:00,43.0,0.0,1.0,Zhejiang
1/24/20 17:00,36.0,0.0,1.0,Beijing
1/24/20 17:00,27.0,0.0,0.0,Chongqing
1/24/20 17:00,24.0,0.0,0.0,Hunan
1/24/20 17:00,23.0,0.0,0.0,Guangxi
1/24/20 17:00,20.0,0.0,1.0,Shanghai
1/24/20 17:00,18.0,0.0,0.0,Jiangxi
1/24/20 17:00,15.0,0.0,0.0,Sichuan
1/24/20 17:00,15.0,0.0,0.0,Shandong
1/24/20 17:00,15.0,0.0,0.0,Anhui
1/24/20 17:00,10.0,0.0,0.0,Fujian
1/24/20 17:00,9.0,0.0,0.0,Henan
1/24/20 17:00,9.0,0.0,0.0,Jiangsu
1/24/20 17:00,8.0,0.0,0.0,Hainan
1/24/20 17:00,8.0,0.0,0.0,Tianjin
1/24/20 17:00,5.0,0.0,0.0,Yunnan
1/24/20 17:00,5.0,0.0,0.0,Shaanxi
1/24/20 17:00,4.0,1.0,0.0,Heilongjiang
1/24/20 17:00,4.0,0.0,0.0,Liaoning
1/24/20 17:00,3.0,0.0,0.0,Guizhou
1/24/20 17:00,3.0,0.0,0.0,Jilin
1/24/20 17:00,2.0,0.0,0.0,Ningxia
1/24/20 17:00,2.0,1.0,0.0,Hebei
1/24/20 17:00,2.0,0.0,0.0,Gansu
1/24/20 17:00,2.0,0.0,0.0,Xinjiang
1/24/20 17:00,1.0,0.0,0.0,Shanxi
1/24/20 17:00,1.0,0.0,0.0,Inner Mongolia
1/24/20 17:00,0.0,0.0,0.0,Qinghai
1/25/20 17:00,761.0,40.0,32.0,Hubei
1/25/20 17:00,78.0,0.0,2.0,Guangdong
1/25/20 17:00,62.0,0.0,1.0,Zhejiang
1/25/20 17:00,57.0,0.0,0.0,Chongqing
1/25/20 17:00,43.0,0.0,0.0,Hunan
1/25/20 17:00,41.0,0.0,2.0,Beijing
1/25/20 17:00,39.0,0.0,0.0,Anhui
1/25/20 17:00,33.0,0.0,1.0,Shanghai
1/25/20 17:00,32.0,0.0,0.0,Henan
1/25/20 17:00,28.0,0.0,0.0,Sichuan
1/25/20 17:00,27.0,0.0,0.0,Shandong
1/25/20 17:00,23.0,0.0,0.0,Guangxi
1/25/20 17:00,19.0,0.0,0.0,Hainan
1/25/20 17:00,18.0,0.0,0.0,Jiangxi
1/25/20 17:00,18.0,0.0,0.0,Fujian
1/25/20 17:00,18.0,0.0,1.0,Jiangsu
1/25/20 17:00,17.0,0.0,0.0,Liaoning
1/25/20 17:00,15.0,0.0,0.0,Shaanxi
1/25/20 17:00,11.0,0.0,0.0,Yunnan
1/25/20 17:00,10.0,0.0,0.0,Tianjin
1/25/20 17:00,9.0,1.0,0.0,Heilongjiang
1/25/20 17:00,8.0,1.0,0.0,Hebei
1/25/20 17:00,7.0,0.0,0.0,Inner Mongolia
1/25/20 17:00,6.0,0.0,0.0,Shanxi
1/25/20 17:00,4.0,0.0,0.0,Guizhou
1/25/20 17:00,4.0,0.0,0.0,Jilin
1/25/20 17:00,4.0,0.0,0.0,Gansu
1/25/20 17:00,3.0,0.0,0.0,Ningxia
1/25/20 17:00,3.0,0.0,0.0,Xinjiang
1/25/20 17:00,1.0,0.0,0.0,Qinghai
1/26/20 16:00,1058.0,52.0,42.0,Hubei
1/26/20 16:00,111.0,0.0,2.0,Guangdong
1/26/20 16:00,104.0,0.0,1.0,Zhejiang
1/26/20 16:00,83.0,1.0,0.0,Henan
1/26/20 16:00,75.0,0.0,0.0,Chongqing
1/26/20 16:00,69.0,0.0,0.0,Hunan
1/26/20 16:00,68.0,0.0,2.0,Beijing
1/26/20 16:00,60.0,0.0,0.0,Anhui
1/26/20 16:00,46.0,0.0,0.0,Shandong
1/26/20 16:00,44.0,0.0,0.0,Sichuan
1/26/20 16:00,40.0,1.0,1.0,Shanghai
1/26/20 16:00,36.0,0.0,0.0,Guangxi
1/26/20 16:00,36.0,0.0,0.0,Jiangxi
1/26/20 16:00,35.0,0.0,0.0,Fujian
1/26/20 16:00,33.0,0.0,1.0,Jiangsu
1/26/20 16:00,22.0,0.0,0.0,Hainan
1/26/20 16:00,22.0,0.0,0.0,Shaanxi
1/26/20 16:00,21.0,0.0,0.0,Liaoning
1/26/20 16:00,16.0,0.0,0.0,Yunnan
1/26/20 16:00,15.0,1.0,0.0,Heilongjiang
1/26/20 16:00,14.0,0.0,0.0,Tianjin
1/26/20 16:00,13.0,1.0,0.0,Hebei
1/26/20 16:00,9.0,0.0,0.0,Shanxi
1/26/20 16:00,7.0,0.0,0.0,Inner Mongolia
1/26/20 16:00,7.0,0.0,0.0,Gansu
1/26/20 16:00,5.0,0.0,0.0,Guizhou
1/26/20 16:00,4.0,0.0,0.0,Ningxia
1/26/20 16:00,4.0,0.0,0.0,Jilin
1/26/20 16:00,4.0,0.0,0.0,Xinjiang
1/26/20 16:00,1.0,0.0,0.0,Qinghai
1/27/20 23:59,1423.0,76.0,45.0,Hubei
1/27/20 23:59,151.0,0.0,4.0,Guangdong
1/27/20 23:59,128.0,0.0,1.0,Zhejiang
1/27/20 23:59,128.0,1.0,0.0,Henan
1/27/20 23:59,110.0,0.0,0.0,Chongqing
1/27/20 23:59,100.0,0.0,0.0,Hunan
1/27/20 23:59,80.0,1.0,2.0,Beijing
1/27/20 23:59,75.0,0.0,0.0,Shandong
1/27/20 23:59,72.0,0.0,2.0,Jiangxi
1/27/20 23:59,70.0,0.0,0.0,Anhui
1/27/20 23:59,69.0,0.0,0.0,Sichuan
1/27/20 23:59,59.0,0.0,0.0,Fujian
1/27/20 23:59,53.0,1.0,3.0,Shanghai
1/27/20 23:59,47.0,0.0,1.0,Jiangsu
1/27/20 23:59,46.0,0.0,0.0,Guangxi
1/27/20 23:59,35.0,0.0,0.0,Shaanxi
1/27/20 23:59,33.0,1.0,0.0,Hainan
1/27/20 23:59,27.0,0.0,0.0,Liaoning
1/27/20 23:59,26.0,0.0,0.0,Yunnan
1/27/20 23:59,23.0,0.0,0.0,Tianjin
1/27/20 23:59,21.0,1.0,0.0,Heilongjiang
1/27/20 23:59,18.0,1.0,0.0,Hebei
1/27/20 23:59,14.0,0.0,0.0,Gansu
1/27/20 23:59,13.0,0.0,0.0,Shanxi
1/27/20 23:59,11.0,0.0,0.0,Inner Mongolia
1/27/20 23:59,7.0,0.0,0.0,Guizhou
1/27/20 23:59,7.0,0.0,0.0,Ningxia
1/27/20 23:59,6.0,0.0,0.0,Jilin
1/27/20 23:59,6.0,0.0,0.0,Qinghai
1/27/20 23:59,5.0,0.0,0.0,Xinjiang
1/28/20 23:00,3554.0,125.0,80.0,Hubei
1/28/20 23:00,207.0,0.0,4.0,Guangdong
1/28/20 23:00,173.0,0.0,3.0,Zhejiang
1/28/20 23:00,168.0,1.0,0.0,Henan
1/28/20 23:00,143.0,0.0,0.0,Hunan
1/28/20 23:00,132.0,0.0,0.0,Chongqing
1/28/20 23:00,109.0,0.0,3.0,Jiangxi
1/28/20 23:00,106.0,0.0,0.0,Anhui
1/28/20 23:00,95.0,0.0,0.0,Shandong
1/28/20 23:00,91.0,1.0,4.0,Beijing
1/28/20 23:00,90.0,0.0,0.0,Sichuan
1/28/20 23:00,80.0,0.0,0.0,Fujian
1/28/20 23:00,70.0,0.0,1.0,Jiangsu
1/28/20 23:00,66.0,1.0,4.0,Shanghai
1/28/20 23:00,51.0,0.0,2.0,Guangxi
1/28/20 23:00,46.0,0.0,0.0,Shaanxi
1/28/20 23:00,44.0,0.0,0.0,Yunnan
1/28/20 23:00,40.0,1.0,0.0,Hainan
1/28/20 23:00,34.0,0.0,0.0,Liaoning
1/28/20 23:00,33.0,1.0,0.0,Hebei
1/28/20 23:00,33.0,1.0,0.0,Heilongjiang
1/28/20 23:00,27.0,0.0,0.0,Shanxi
1/28/20 23:00,24.0,0.0,0.0,Tianjin
1/28/20 23:00,19.0,0.0,0.0,Gansu
1/28/20 23:00,15.0,0.0,0.0,Inner Mongolia
1/28/20 23:00,11.0,0.0,0.0,Ningxia
1/28/20 23:00,10.0,0.0,0.0,Xinjiang
1/28/20 23:00,9.0,0.0,0.0,Guizhou
1/28/20 23:00,8.0,0.0,0.0,Jilin
1/28/20 23:00,6.0,0.0,0.0,Qinghai
1/29/20 19:30,3554.0,125.0,88.0,Hubei
1/29/20 19:30,296.0,0.0,3.0,Zhejiang
1/29/20 19:30,277.0,0.0,5.0,Guangdong
1/29/20 19:30,221.0,0.0,0.0,Hunan
1/29/20 19:30,206.0,2.0,1.0,Henan
1/29/20 19:30,152.0,0.0,2.0,Anhui
1/29/20 19:30,147.0,0.0,1.0,Chongqing
1/29/20 19:30,130.0,0.0,1.0,Shandong
1/29/20 19:30,111.0,1.0,4.0,Beijing
1/29/20 19:30,109.0,0.0,3.0,Jiangxi
1/29/20 19:30,108.0,1.0,1.0,Sichuan
1/29/20 19:30,99.0,0.0,1.0,Jiangsu
1/29/20 19:30,96.0,1.0,5.0,Shanghai
1/29/20 19:30,84.0,0.0,0.0,Fujian
1/29/20 19:30,58.0,0.0,2.0,Guangxi
1/29/20 19:30,56.0,0.0,0.0,Shaanxi
1/29/20 19:30,55.0,0.0,0.0,Yunnan
1/29/20 19:30,48.0,1.0,0.0,Hebei
1/29/20 19:30,43.0,1.0,0.0,Hainan
1/29/20 19:30,39.0,0.0,1.0,Liaoning
1/29/20 19:30,38.0,1.0,0.0,Heilongjiang
1/29/20 19:30,27.0,0.0,0.0,Tianjin
1/29/20 19:30,27.0,0.0,1.0,Shanxi
1/29/20 19:30,24.0,0.0,0.0,Gansu
1/29/20 19:30,16.0,0.0,0.0,Inner Mongolia
1/29/20 19:30,13.0,0.0,0.0,Xinjiang
1/29/20 19:30,12.0,0.0,0.0,Ningxia
1/29/20 19:30,9.0,0.0,1.0,Guizhou
1/29/20 19:30,9.0,0.0,0.0,Jilin
1/29/20 19:30,6.0,0.0,0.0,Qinghai
1/30/20 16:00,4903.0,162.0,90.0,Hubei
1/30/20 16:00,428.0,0.0,4.0,Zhejiang
1/30/20 16:00,354.0,0.0,10.0,Guangdong
1/30/20 16:00,278.0,2.0,2.0,Henan
1/30/20 16:00,277.0,0.0,2.0,Hunan
1/30/20 16:00,200.0,0.0,2.0,Anhui
1/30/20 16:00,182.0,0.0,1.0,Chongqing
1/30/20 16:00,162.0,0.0,5.0,Jiangxi
1/30/20 16:00,158.0,0.0,1.0,Shandong
1/30/20 16:00,142.0,1.0,1.0,Sichuan
1/30/20 16:00,129.0,0.0,1.0,Jiangsu
1/30/20 16:00,114.0,1.0,4.0,Beijing
1/30/20 16:00,112.0,1.0,5.0,Shanghai
1/30/20 16:00,101.0,0.0,0.0,Fujian
1/30/20 16:00,78.0,0.0,2.0,Guangxi
1/30/20 16:00,70.0,0.0,0.0,Yunnan
1/30/20 16:00,65.0,1.0,0.0,Hebei
1/30/20 16:00,63.0,0.0,0.0,Shaanxi
1/30/20 16:00,46.0,1.0,1.0,Hainan
1/30/20 16:00,44.0,2.0,0.0,Heilongjiang
1/30/20 16:00,41.0,0.0,1.0,Liaoning
1/30/20 16:00,35.0,0.0,1.0,Shanxi
1/30/20 16:00,31.0,0.0,0.0,Tianjin
1/30/20 16:00,26.0,0.0,0.0,Gansu
1/30/20 16:00,19.0,0.0,0.0,Inner Mongolia
1/30/20 16:00,17.0,0.0,0.0,Ningxia
1/30/20 16:00,14.0,0.0,1.0,Jilin
1/30/20 16:00,14.0,0.0,0.0,Xinjiang
1/30/20 16:00,12.0,0.0,1.0,Guizhou
1/30/20 16:00,8.0,0.0,0.0,Qinghai
1/30/20 16:00,1.0,0.0,0.0,Tibet
1/31/2020 23:59,5806.0,204.0,141.0,Hubei
1/31/2020 23:59,538.0,0.0,14.0,Zhejiang
1/31/2020 23:59,436.0,0.0,11.0,Guangdong
1/31/2020 23:59,352.0,2.0,3.0,Henan
1/31/2020 23:59,332.0,0.0,2.0,Hunan
1/31/2020 23:59,240.0,0.0,7.0,Jiangxi
1/31/2020 23:59,237.0,0.0,3.0,Anhui
1/31/2020 23:59,211.0,0.0,1.0,Chongqing
1/31/2020 23:59,184.0,0.0,2.0,Shandong
1/31/2020 23:59,177.0,1.0,1.0,Sichuan
1/31/2020 23:59,168.0,0.0,5.0,Jiangsu
1/31/2020 23:59,139.0,1.0,5.0,Beijing
1/31/2020 23:59,135.0,1.0,9.0,Shanghai
1/31/2020 23:59,120.0,0.0,0.0,Fujian
1/31/2020 23:59,87.0,0.0,2.0,Guangxi
1/31/2020 23:59,87.0,0.0,0.0,Shaanxi
1/31/2020 23:59,83.0,0.0,1.0,Yunnan
1/31/2020 23:59,82.0,1.0,0.0,Hebei
1/31/2020 23:59,59.0,2.0,0.0,Heilongjiang
1/31/2020 23:59,52.0,1.0,1.0,Hainan
1/31/2020 23:59,48.0,0.0,1.0,Liaoning
1/31/2020 23:59,39.0,0.0,1.0,Shanxi
1/31/2020 23:59,32.0,0.0,0.0,Tianjin
1/31/2020 23:59,29.0,0.0,2.0,Guizhou
1/31/2020 23:59,29.0,0.0,0.0,Gansu
1/31/2020 23:59,21.0,0.0,0.0,Ningxia
1/31/2020 23:59,20.0,0.0,1.0,Inner Mongolia
1/31/2020 23:59,17.0,0.0,0.0,Xinjiang
1/31/2020 23:59,14.0,0.0,1.0,Jilin
1/31/2020 23:59,8.0,0.0,0.0,Qinghai
1/31/2020 23:59,1.0,0.0,0.0,Tibet
2/1/2020 11:53,7153.0,249.0,168.0,Hubei
2/1/2020 10:53,599.0,0.0,21.0,Zhejiang
2/1/2020 14:23,535.0,0.0,14.0,Guangdong
2/1/2020 1:52,422.0,2.0,3.0,Henan
2/1/2020 11:03,389.0,0.0,8.0,Hunan
2/1/2020 13:33,297.0,0.0,5.0,Anhui
2/1/2020 1:52,286.0,0.0,9.0,Jiangxi
2/1/2020 8:43,247.0,1.0,3.0,Chongqing
2/1/2020 1:52,207.0,1.0,3.0,Sichuan
2/1/2020 7:51,206.0,0.0,3.0,Shandong
2/1/2020 14:03,202.0,0.0,6.0,Jiangsu
2/1/2020 6:05,169.0,1.0,10.0,Shanghai
2/1/2020 9:17,168.0,1.0,9.0,Beijing
2/1/2020 5:37,144.0,0.0,0.0,Fujian
2/1/2020 5:37,101.0,0.0,0.0,Shaanxi
2/1/2020 1:52,100.0,0.0,2.0,Guangxi
2/1/2020 1:52,96.0,1.0,0.0,Hebei
2/1/2020 15:53,93.0,0.0,2.0,Yunnan
2/1/2020 10:33,80.0,2.0,2.0,Heilongjiang
2/1/2020 15:23,64.0,0.0,1.0,Liaoning
2/1/2020 8:43,62.0,1.0,1.0,Hainan
2/1/2020 1:52,47.0,0.0,1.0,Shanxi
2/1/2020 15:43,41.0,0.0,0.0,Tianjin
2/1/2020 15:43,40.0,0.0,0.0,Gansu
1/31/2020 15:20,29.0,0.0,2.0,Guizhou
2/1/2020 2:13,26.0,0.0,0.0,Ningxia
2/1/2020 5:37,23.0,0.0,1.0,Inner Mongolia
2/1/2020 5:37,18.0,0.0,0.0,Xinjiang
2/1/2020 1:52,17.0,0.0,1.0,Jilin
2/1/2020 5:37,9.0,0.0,0.0,Qinghai
2/1/2020 1:52,1.0,0.0,0.0,Tibet
2020-02-02T23:43:02,11177.0,350.0,295.0,Hubei
2020-02-02T18:03:05,661.0,0.0,32.0,Zhejiang
2020-02-02T18:03:05,632.0,0.0,15.0,Guangdong
2020-02-02T18:03:05,493.0,2.0,10.0,Henan
2020-02-02T18:03:05,463.0,0.0,16.0,Hunan
2020-02-02T18:03:05,340.0,0.0,7.0,Anhui
2020-02-02T18:03:05,333.0,0.0,12.0,Jiangxi
2020-02-02T23:33:02,300.0,2.0,7.0,Chongqing
2020-02-02T18:03:05,236.0,0.0,7.0,Jiangsu
2020-02-02T18:03:05,231.0,1.0,11.0,Sichuan
2020-02-02T18:03:05,230.0,0.0,6.0,Shandong
2020-02-02T08:43:02,191.0,1.0,9.0,Beijing
2020-02-02T05:53:02,182.0,1.0,10.0,Shanghai
2020-02-02T03:43:01,159.0,0.0,0.0,Fujian
2020-02-02T03:23:14,116.0,0.0,0.0,Shaanxi
2020-02-02T00:23:13,111.0,0.0,2.0,Guangxi
2020-02-02T18:03:05,105.0,0.0,3.0,Yunnan
2020-02-02T02:53:02,104.0,1.0,3.0,Hebei
2020-02-02T03:23:14,95.0,2.0,2.0,Heilongjiang
2020-02-02T18:03:05,70.0,0.0,1.0,Liaoning
2020-02-02T23:23:13,66.0,0.0,3.0,Shanxi
2020-02-02T18:03:05,64.0,1.0,4.0,Hainan
2020-02-02T23:43:02,51.0,0.0,3.0,Gansu
2020-02-02T09:43:01,48.0,0.0,1.0,Tianjin
2020-02-02T01:03:32,38.0,0.0,2.0,Guizhou
2020-02-02T01:43:02,28.0,0.0,0.0,Ningxia
2020-02-02T03:43:01,27.0,0.0,1.0,Inner Mongolia
2020-02-02T02:33:02,23.0,0.0,1.0,Jilin
2020-02-02T00:43:02,21.0,0.0,0.0,Xinjiang
2020-02-02T05:33:03,11.0,0.0,0.0,Qinghai
2020-02-01T01:52:40,1.0,0.0,0.0,Tibet
2020-02-03T23:23:03,13522.0,414.0,386.0,Hubei
2020-02-03T12:53:02,725.0,0.0,21.0,Guangdong
2020-02-03T13:33:02,724.0,0.0,43.0,Zhejiang
2020-02-03T17:11:34,566.0,2.0,16.0,Henan
2020-02-03T11:03:10,521.0,0.0,22.0,Hunan
2020-02-03T17:11:34,408.0,0.0,14.0,Anhui
2020-02-03T01:33:02,391.0,0.0,18.0,Jiangxi
2020-02-03T23:43:02,337.0,2.0,9.0,Chongqing
2020-02-03T11:03:10,271.0,0.0,8.0,Jiangsu
2020-02-03T17:11:34,259.0,0.0,7.0,Shandong
2020-02-03T11:23:23,254.0,1.0,14.0,Sichuan
2020-02-03T09:23:05,212.0,1.0,12.0,Beijing
2020-02-03T07:03:12,203.0,1.0,10.0,Shanghai
2020-02-03T11:33:13,179.0,0.0,1.0,Fujian
2020-02-03T02:33:02,128.0,0.0,0.0,Shaanxi
2020-02-03T12:33:02,127.0,0.0,7.0,Guangxi
2020-02-03T07:13:19,121.0,2.0,2.0,Heilongjiang
2020-02-03T23:23:03,117.0,0.0,5.0,Yunnan
2020-02-03T00:23:14,113.0,1.0,3.0,Hebei
2020-02-03T17:11:34,74.0,0.0,1.0,Liaoning
2020-02-03T23:13:11,74.0,0.0,2.0,Shanxi
2020-02-03T17:11:34,72.0,1.0,4.0,Hainan
2020-02-03T13:53:03,60.0,0.0,1.0,Tianjin
2020-02-03T23:03:08,55.0,0.0,3.0,Gansu
2020-02-03T01:03:22,46.0,0.0,2.0,Guizhou
2020-02-03T03:03:09,34.0,0.0,1.0,Inner Mongolia
2020-02-03T00:53:03,31.0,0.0,1.0,Jilin
2020-02-03T08:33:03,31.0,0.0,1.0,Ningxia
2020-02-03T01:13:21,24.0,0.0,0.0,Xinjiang
2020-02-03T02:43:01,13.0,0.0,0.0,Qinghai
2020-02-01T01:52:40,1.0,0.0,0.0,Tibet
2020-02-04T23:43:01,16678.0,479.0,522.0,Hubei
2020-02-04T13:03:07,829.0,0.0,62.0,Zhejiang
2020-02-04T13:03:07,813.0,0.0,30.0,Guangdong
2020-02-04T11:53:02,675.0,2.0,27.0,Henan
2020-02-04T14:03:03,593.0,0.0,31.0,Hunan
2020-02-04T05:33:01,480.0,0.0,20.0,Anhui
2020-02-04T14:43:02,476.0,0.0,20.0,Jiangxi
2020-02-04T23:43:01,366.0,2.0,9.0,Chongqing
2020-02-04T11:53:02,308.0,0.0,12.0,Jiangsu
2020-02-04T01:43:02,282.0,1.0,14.0,Sichuan
2020-02-04T12:03:04,275.0,0.0,11.0,Shandong
2020-02-04T08:33:01,228.0,1.0,23.0,Beijing
2020-02-04T06:33:02,219.0,1.0,12.0,Shanghai
2020-02-04T12:13:11,194.0,0.0,3.0,Fujian
2020-02-04T07:43:01,155.0,2.0,4.0,Heilongjiang
2020-02-04T12:33:02,142.0,0.0,2.0,Shaanxi
2020-02-04T05:53:01,139.0,0.0,10.0,Guangxi
2020-02-04T08:53:01,126.0,1.0,4.0,Hebei
2020-02-04T23:23:02,122.0,0.0,5.0,Yunnan
2020-02-04T14:13:08,81.0,0.0,2.0,Liaoning
2020-02-04T23:23:02,81.0,0.0,4.0,Shanxi
2020-02-04T11:33:03,80.0,1.0,5.0,Hainan
2020-02-04T13:33:02,67.0,0.0,2.0,Tianjin
2020-02-04T10:43:02,58.0,0.0,2.0,Guizhou
2020-02-04T15:43:02,57.0,0.0,4.0,Gansu
2020-02-04T00:23:05,42.0,0.0,1.0,Jilin
2020-02-04T03:03:07,35.0,0.0,1.0,Inner Mongolia
2020-02-04T02:13:18,34.0,0.0,1.0,Ningxia
2020-02-04T01:33:01,29.0,0.0,0.0,Xinjiang
2020-02-04T01:33:01,15.0,0.0,0.0,Qinghai
2020-02-01T01:52:40,1.0,0.0,0.0,Tibet
2020-02-05T23:13:12,19665.0,549.0,633.0,Hubei
2020-02-05T13:23:04,895.0,0.0,49.0,Guangdong
2020-02-05T15:13:02,895.0,0.0,78.0,Zhejiang
2020-02-05T15:03:02,764.0,2.0,47.0,Henan
2020-02-05T15:23:02,661.0,0.0,54.0,Hunan
2020-02-05T01:33:07,548.0,0.0,27.0,Jiangxi
2020-02-05T13:43:02,530.0,0.0,23.0,Anhui
2020-02-05T23:43:02,389.0,2.0,15.0,Chongqing
2020-02-05T12:43:02,341.0,0.0,23.0,Jiangsu
2020-02-05T10:13:13,307.0,0.0,15.0,Shandong
2020-02-05T10:13:13,301.0,1.0,24.0,Sichuan
2020-02-05T05:43:02,253.0,1.0,24.0,Beijing
2020-02-05T06:23:04,243.0,1.0,15.0,Shanghai
2020-02-05T12:33:01,205.0,0.0,11.0,Fujian
2020-02-05T12:13:04,190.0,2.0,7.0,Heilongjiang
2020-02-05T08:43:01,165.0,0.0,6.0,Shaanxi
2020-02-05T12:03:08,150.0,0.0,13.0,Guangxi
2020-02-05T11:23:18,135.0,1.0,6.0,Hebei
2020-02-05T23:33:02,128.0,0.0,5.0,Yunnan
2020-02-05T16:43:04,99.0,1.0,5.0,Hainan
2020-02-05T15:23:02,89.0,0.0,4.0,Liaoning
2020-02-05T15:23:02,81.0,0.0,5.0,Shanxi
2020-02-05T03:43:02,69.0,1.0,2.0,Tianjin
2020-02-05T12:33:02,64.0,1.0,9.0,Guizhou
2020-02-05T16:23:06,62.0,0.0,6.0,Gansu
2020-02-05T11:03:16,54.0,0.0,2.0,Jilin
2020-02-05T08:53:02,42.0,0.0,3.0,Inner Mongolia
2020-02-04T02:13:18,34.0,0.0,1.0,Ningxia
2020-02-05T02:03:13,32.0,0.0,0.0,Xinjiang
2020-02-05T03:13:05,17.0,0.0,3.0,Qinghai
2020-02-01T01:52:40,1.0,0.0,0.0,Tibet
2020-02-06T23:23:02,22112.0,618.0,817.0,Hubei
2020-02-06T12:43:02,970.0,0.0,69.0,Guangdong
2020-02-06T10:53:04,954.0,0.0,94.0,Zhejiang
2020-02-06T11:23:14,851.0,2.0,56.0,Henan
2020-02-06T13:13:06,711.0,0.0,81.0,Hunan
2020-02-06T02:33:01,600.0,0.0,37.0,Jiangxi
2020-02-06T13:33:02,591.0,0.0,34.0,Anhui
2020-02-06T23:33:02,411.0,2.0,24.0,Chongqing
2020-02-06T08:03:10,373.0,0.0,34.0,Jiangsu
2020-02-06T07:53:02,347.0,0.0,27.0,Shandong
2020-02-06T08:03:10,321.0,1.0,31.0,Sichuan
2020-02-06T03:23:11,274.0,1.0,31.0,Beijing
2020-02-06T06:53:07,257.0,1.0,25.0,Shanghai
2020-02-06T08:13:06,227.0,3.0,8.0,Heilongjiang
2020-02-06T11:03:19,215.0,0.0,14.0,Fujian
2020-02-06T13:53:02,173.0,0.0,9.0,Shaanxi
2020-02-06T04:13:13,168.0,0.0,14.0,Guangxi
2020-02-06T13:53:02,157.0,1.0,13.0,Hebei
2020-02-06T09:43:02,133.0,0.0,7.0,Yunnan
2020-02-06T11:13:24,106.0,1.0,8.0,Hainan
2020-02-06T23:03:02,96.0,0.0,12.0,Shanxi
2020-02-06T14:33:02,94.0,0.0,5.0,Liaoning
2020-02-06T23:43:01,79.0,1.0,2.0,Tianjin
2020-02-06T09:53:02,71.0,1.0,6.0,Guizhou
2020-02-05T16:23:06,62.0,0.0,6.0,Gansu
2020-02-06T14:23:04,59.0,0.0,4.0,Jilin
2020-02-06T02:23:08,46.0,0.0,4.0,Inner Mongolia
2020-02-06T02:13:15,40.0,0.0,1.0,Ningxia
2020-02-06T01:13:08,36.0,0.0,0.0,Xinjiang
2020-02-06T02:13:15,18.0,0.0,3.0,Qinghai
2020-02-01T01:52:40,1.0,0.0,0.0,Tibet
2020-02-07T23:43:02,24953.0,699.0,1115.0,Hubei
2020-02-07T10:13:06,1034.0,1.0,88.0,Guangdong
2020-02-07T11:33:11,1006.0,0.0,123.0,Zhejiang
2020-02-07T14:03:12,914.0,3.0,86.0,Henan
2020-02-07T11:33:11,772.0,0.0,112.0,Hunan
2020-02-07T05:13:07,665.0,0.0,47.0,Anhui
2020-02-07T01:23:02,661.0,0.0,45.0,Jiangxi
2020-02-07T23:33:02,426.0,2.0,31.0,Chongqing
2020-02-07T14:03:12,408.0,0.0,43.0,Jiangsu
2020-02-07T11:33:11,386.0,0.0,37.0,Shandong
2020-02-07T08:23:09,344.0,1.0,42.0,Sichuan
2020-02-07T03:23:02,297.0,1.0,33.0,Beijing
2020-02-07T07:43:02,277.0,3.0,12.0,Heilongjiang
2020-02-07T06:14:15,277.0,1.0,30.0,Shanghai
2020-02-07T13:23:03,224.0,0.0,20.0,Fujian
2020-02-07T08:23:09,184.0,0.0,17.0,Shaanxi
2020-02-07T00:33:02,172.0,0.0,17.0,Guangxi
2020-02-07T12:03:04,172.0,1.0,22.0,Hebei
2020-02-07T23:23:04,138.0,0.0,12.0,Yunnan
2020-02-07T12:33:02,117.0,2.0,10.0,Hainan
2020-02-07T23:43:02,104.0,0.0,15.0,Shanxi
2020-02-07T15:33:03,99.0,0.0,7.0,Liaoning
2020-02-07T11:13:07,81.0,1.0,6.0,Guizhou
2020-02-07T05:43:03,81.0,1.0,2.0,Tianjin
2020-02-07T02:33:06,67.0,0.0,9.0,Gansu
2020-02-07T00:43:02,65.0,1.0,4.0,Jilin
2020-02-07T11:13:07,50.0,0.0,5.0,Inner Mongolia
2020-02-07T11:13:07,43.0,0.0,5.0,Ningxia
2020-02-07T01:43:02,39.0,0.0,0.0,Xinjiang
2020-02-06T02:13:15,18.0,0.0,3.0,Qinghai
2020-02-01T01:52:40,1.0,0.0,0.0,Tibet
2020-02-08T23:33:06,27100.0,780.0,1439.0,Hubei
2020-02-08T11:53:01,1095.0,1.0,112.0,Guangdong
2020-02-08T10:53:02,1048.0,0.0,175.0,Zhejiang
2020-02-08T14:13:12,981.0,4.0,116.0,Henan
2020-02-08T12:53:01,803.0,1.0,156.0,Hunan
2020-02-08T07:43:02,733.0,0.0,59.0,Anhui
2020-02-08T01:23:02,698.0,0.0,55.0,Jiangxi
2020-02-08T10:23:04,439.0,0.0,51.0,Jiangsu
2020-02-08T11:03:15,428.0,2.0,39.0,Chongqing
2020-02-08T11:33:02,416.0,0.0,44.0,Shandong
2020-02-08T15:23:04,364.0,1.0,60.0,Sichuan
2020-02-08T03:13:09,315.0,2.0,34.0,Beijing
2020-02-08T04:03:09,295.0,5.0,13.0,Heilongjiang
2020-02-08T06:33:02,286.0,1.0,41.0,Shanghai
2020-02-08T08:13:10,239.0,0.0,24.0,Fujian
2020-02-08T11:33:02,195.0,1.0,30.0,Hebei
2020-02-08T10:13:06,195.0,0.0,20.0,Shaanxi
2020-02-08T00:23:03,183.0,0.0,17.0,Guangxi
2020-02-08T08:43:02,138.0,0.0,17.0,Yunnan
2020-02-08T10:23:04,124.0,2.0,14.0,Hainan
2020-02-08T23:53:02,115.0,0.0,21.0,Shanxi
2020-02-08T11:53:01,105.0,0.0,8.0,Liaoning
2020-02-08T06:43:03,89.0,1.0,7.0,Guizhou
2020-02-08T08:23:04,88.0,1.0,4.0,Tianjin
2020-02-08T15:13:14,79.0,1.0,12.0,Gansu
2020-02-08T00:13:04,69.0,1.0,4.0,Jilin
2020-02-08T03:33:02,52.0,0.0,5.0,Inner Mongolia
2020-02-08T09:13:16,45.0,0.0,15.0,Ningxia
2020-02-08T03:23:10,42.0,0.0,0.0,Xinjiang
2020-02-06T02:13:15,18.0,0.0,3.0,Qinghai
2020-02-01T01:52:40,1.0,0.0,0.0,Tibet
2020-02-09T23:33:02,29631.0,871.0,1795.0,Hubei
2020-02-09T15:03:05,1131.0,1.0,141.0,Guangdong
2020-02-09T12:03:04,1075.0,0.0,201.0,Zhejiang
2020-02-09T11:23:08,1033.0,6.0,153.0,Henan
2020-02-09T12:33:01,838.0,1.0,186.0,Hunan
2020-02-09T09:33:02,779.0,1.0,72.0,Anhui
2020-02-09T11:33:12,740.0,0.0,73.0,Jiangxi
2020-02-09T23:53:02,468.0,2.0,51.0,Chongqing
2020-02-09T10:23:11,468.0,0.0,71.0,Jiangsu
2020-02-09T15:03:05,444.0,1.0,63.0,Shandong
2020-02-09T12:43:01,386.0,1.0,71.0,Sichuan
2020-02-09T03:43:02,326.0,2.0,37.0,Beijing
2020-02-09T08:43:05,307.0,6.0,14.0,Heilongjiang
2020-02-09T06:33:01,293.0,1.0,44.0,Shanghai
2020-02-09T09:13:11,250.0,0.0,35.0,Fujian
2020-02-09T03:03:09,208.0,0.0,25.0,Shaanxi
2020-02-09T12:43:01,206.0,2.0,34.0,Hebei
2020-02-09T00:33:07,195.0,1.0,18.0,Guangxi
2020-02-09T08:53:02,141.0,0.0,18.0,Yunnan
2020-02-09T13:33:02,131.0,3.0,19.0,Hainan
2020-02-09T23:43:02,119.0,0.0,25.0,Shanxi
2020-02-09T12:23:03,107.0,0.0,12.0,Liaoning
2020-02-09T09:53:02,99.0,1.0,7.0,Guizhou
2020-02-09T23:43:02,91.0,1.0,4.0,Tianjin
2020-02-09T23:33:02,83.0,2.0,16.0,Gansu
2020-02-09T09:03:04,78.0,1.0,12.0,Jilin
2020-02-09T02:23:07,54.0,0.0,5.0,Inner Mongolia
2020-02-09T02:03:11,45.0,0.0,13.0,Ningxia
2020-02-09T01:23:08,45.0,0.0,0.0,Xinjiang
2020-02-06T02:13:15,18.0,0.0,3.0,Qinghai
2020-02-01T01:52:40,1.0,0.0,0.0,Tibet
2020-02-10T23:33:02,31728.0,974.0,2222.0,Hubei
2020-02-10T13:43:02,1159.0,1.0,167.0,Guangdong
2020-02-10T14:13:12,1092.0,0.0,242.0,Zhejiang
2020-02-10T13:53:02,1073.0,6.0,191.0,Henan
2020-02-10T13:53:02,879.0,1.0,208.0,Hunan
2020-02-10T07:23:04,830.0,3.0,88.0,Anhui
2020-02-10T13:53:02,771.0,1.0,105.0,Jiangxi
2020-02-10T14:03:05,492.0,0.0,81.0,Jiangsu
2020-02-10T23:43:02,486.0,2.0,66.0,Chongqing
2020-02-10T09:33:02,466.0,1.0,66.0,Shandong
2020-02-10T10:03:02,405.0,1.0,80.0,Sichuan
2020-02-10T03:13:08,337.0,2.0,44.0,Beijing
2020-02-10T07:33:05,331.0,7.0,30.0,Heilongjiang
2020-02-10T06:03:13,299.0,1.0,48.0,Shanghai
2020-02-10T14:03:05,261.0,0.0,39.0,Fujian
2020-02-10T10:03:02,218.0,2.0,41.0,Hebei
2020-02-10T13:23:06,213.0,0.0,30.0,Shaanxi
2020-02-10T14:03:05,210.0,1.0,24.0,Guangxi
2020-02-10T09:43:02,149.0,0.0,19.0,Yunnan
2020-02-10T09:33:02,138.0,3.0,19.0,Hainan
2020-02-09T23:43:02,119.0,0.0,25.0,Shanxi
2020-02-10T12:33:02,109.0,1.0,10.0,Guizhou
2020-02-10T14:03:05,108.0,0.0,13.0,Liaoning
2020-02-10T14:23:08,95.0,1.0,8.0,Tianjin
2020-02-10T07:23:04,83.0,2.0,17.0,Gansu
2020-02-10T14:03:05,80.0,1.0,13.0,Jilin
2020-02-10T02:43:05,58.0,0.0,5.0,Inner Mongolia
2020-02-10T01:43:02,49.0,0.0,13.0,Ningxia
2020-02-10T01:13:06,49.0,0.0,0.0,Xinjiang
2020-02-06T02:13:15,18.0,0.0,3.0,Qinghai
2020-02-01T01:52:40,1.0,0.0,0.0,Tibet
2020-02-11T23:33:02,33366.0,1068.0,2639.0,Hubei
2020-02-11T14:03:05,1177.0,1.0,212.0,Guangdong
2020-02-11T12:53:02,1117.0,0.0,270.0,Zhejiang
2020-02-11T14:03:05,1105.0,7.0,218.0,Henan
2020-02-11T12:53:02,912.0,1.0,247.0,Hunan
2020-02-11T09:43:02,860.0,4.0,105.0,Anhui
2020-02-11T14:03:05,804.0,1.0,128.0,Jiangxi
2020-02-11T08:13:06,515.0,0.0,93.0,Jiangsu
2020-02-11T23:53:02,505.0,3.0,79.0,Chongqing
2020-02-11T11:23:04,487.0,1.0,80.0,Shandong
2020-02-11T11:23:04,417.0,1.0,85.0,Sichuan
2020-02-11T11:23:04,360.0,8.0,28.0,Heilongjiang
2020-02-11T03:03:07,342.0,3.0,48.0,Beijing
2020-02-11T06:23:02,303.0,1.0,52.0,Shanghai
2020-02-11T14:03:05,267.0,0.0,45.0,Fujian
2020-02-11T11:23:04,239.0,2.0,48.0,Hebei
2020-02-11T06:03:16,219.0,0.0,32.0,Shaanxi
2020-02-11T11:23:04,215.0,1.0,33.0,Guangxi
2020-02-11T09:23:04,153.0,0.0,20.0,Yunnan
2020-02-11T14:33:02,144.0,3.0,20.0,Hainan
2020-02-11T14:03:05,127.0,1.0,17.0,Guizhou
2020-02-11T23:33:02,124.0,0.0,30.0,Shanxi
2020-02-11T12:53:02,111.0,0.0,19.0,Liaoning
2020-02-11T23:13:05,106.0,2.0,10.0,Tianjin
2020-02-11T15:23:04,86.0,2.0,24.0,Gansu
2020-02-11T08:03:06,81.0,1.0,18.0,Jilin
2020-02-10T02:43:05,58.0,0.0,5.0,Inner Mongolia
2020-02-11T09:13:11,55.0,0.0,3.0,Xinjiang
2020-02-11T10:03:08,53.0,0.0,22.0,Ningxia
2020-02-11T11:23:04,18.0,0.0,5.0,Qinghai
2020-02-01T01:52:40,1.0,0.0,0.0,Tibet
2020-02-12T14:13:08,33366.0,1068.0,2686.0,Hubei
2020-02-12T12:23:09,1219.0,1.0,275.0,Guangdong
2020-02-12T14:13:08,1135.0,8.0,246.0,Henan
2020-02-12T10:13:20,1131.0,0.0,321.0,Zhejiang
2020-02-12T12:43:03,946.0,2.0,304.0,Hunan
2020-02-12T10:13:20,889.0,4.0,127.0,Anhui
2020-02-12T01:23:06,844.0,1.0,152.0,Jiangxi
2020-02-12T14:13:08,543.0,0.0,125.0,Jiangsu
2020-02-12T23:13:08,518.0,3.0,102.0,Chongqing
2020-02-12T11:13:05,497.0,2.0,92.0,Shandong
2020-02-12T12:43:03,436.0,1.0,92.0,Sichuan
2020-02-12T14:13:08,378.0,8.0,31.0,Heilongjiang
2020-02-12T02:43:03,352.0,3.0,56.0,Beijing
2020-02-12T06:23:08,311.0,1.0,57.0,Shanghai
2020-02-12T11:53:02,272.0,0.0,53.0,Fujian
2020-02-12T11:13:05,251.0,2.0,54.0,Hebei
2020-02-12T11:13:05,225.0,0.0,43.0,Shaanxi
2020-02-12T15:03:05,222.0,1.0,32.0,Guangxi
2020-02-12T17:03:03,157.0,4.0,27.0,Hainan
2020-02-12T14:13:08,154.0,0.0,26.0,Yunnan
2020-02-12T09:43:02,133.0,1.0,18.0,Guizhou
2020-02-12T23:03:02,126.0,0.0,33.0,Shanxi
2020-02-12T13:33:02,116.0,1.0,20.0,Liaoning
2020-02-12T15:03:05,112.0,2.0,11.0,Tianjin
2020-02-12T23:23:01,87.0,2.0,31.0,Gansu
2020-02-12T14:13:08,83.0,1.0,22.0,Jilin
2020-02-12T11:13:05,60.0,0.0,6.0,Inner Mongolia
2020-02-12T01:43:02,59.0,0.0,3.0,Xinjiang
2020-02-12T11:13:05,58.0,0.0,24.0,Ningxia
2020-02-12T08:03:06,18.0,0.0,9.0,Qinghai
2020-02-12T06:43:02,1.0,0.0,1.0,Tibet
2020-02-13T14:13:06,48206.0,1310.0,3459.0,Hubei
2020-02-13T13:33:01,1241.0,2.0,314.0,Guangdong
2020-02-13T14:53:02,1169.0,10.0,296.0,Henan
2020-02-13T14:13:06,1145.0,0.0,360.0,Zhejiang
2020-02-13T11:53:02,968.0,2.0,339.0,Hunan
2020-02-13T13:33:01,910.0,5.0,157.0,Anhui
2020-02-13T01:13:08,872.0,1.0,170.0,Jiangxi
2020-02-13T10:33:23,570.0,0.0,139.0,Jiangsu
2020-02-13T23:23:05,529.0,4.0,128.0,Chongqing
2020-02-13T13:33:01,509.0,2.0,105.0,Shandong
2020-02-13T13:33:01,451.0,1.0,104.0,Sichuan
2020-02-13T12:13:06,395.0,9.0,33.0,Heilongjiang
2020-02-13T14:13:06,366.0,3.0,69.0,Beijing
2020-02-13T06:13:15,315.0,1.0,62.0,Shanghai
2020-02-13T10:33:23,279.0,0.0,57.0,Fujian
2020-02-13T10:33:23,265.0,3.0,68.0,Hebei
2020-02-13T10:33:23,229.0,0.0,46.0,Shaanxi
2020-02-13T00:23:10,222.0,2.0,33.0,Guangxi
2020-02-13T10:43:03,157.0,4.0,30.0,Hainan
2020-02-13T08:43:08,156.0,0.0,27.0,Yunnan
2020-02-13T10:33:23,135.0,1.0,27.0,Guizhou
2020-02-13T23:23:05,126.0,0.0,36.0,Shanxi
2020-02-13T23:43:02,119.0,3.0,21.0,Tianjin
2020-02-13T14:33:02,117.0,1.0,22.0,Liaoning
2020-02-13T15:53:03,90.0,2.0,39.0,Gansu
2020-02-13T13:33:01,84.0,1.0,24.0,Jilin
2020-02-13T01:23:08,64.0,0.0,24.0,Ningxia
2020-02-13T10:33:23,63.0,1.0,6.0,Xinjiang
2020-02-13T01:23:08,61.0,0.0,6.0,Inner Mongolia
2020-02-13T08:43:08,18.0,0.0,11.0,Qinghai
2020-02-12T06:43:02,1.0,0.0,1.0,Tibet
2020-02-14T23:33:02,54406.0,1457.0,4774.0,Hubei
2020-02-14T12:53:02,1261.0,2.0,362.0,Guangdong
2020-02-14T12:53:02,1184.0,11.0,357.0,Henan
2020-02-14T14:13:15,1155.0,0.0,403.0,Zhejiang
2020-02-14T09:23:04,988.0,2.0,364.0,Hunan
2020-02-14T12:53:02,934.0,6.0,193.0,Anhui
2020-02-14T01:13:06,900.0,1.0,187.0,Jiangxi
2020-02-14T10:03:03,593.0,0.0,157.0,Jiangsu
2020-02-14T23:33:02,537.0,5.0,152.0,Chongqing
2020-02-14T11:13:22,523.0,2.0,136.0,Shandong
2020-02-14T11:13:22,463.0,1.0,114.0,Sichuan
2020-02-14T13:23:07,419.0,11.0,47.0,Heilongjiang
2020-02-14T06:33:02,372.0,3.0,80.0,Beijing
2020-02-14T04:13:11,318.0,1.0,90.0,Shanghai
2020-02-14T11:13:22,283.0,3.0,87.0,Hebei
2020-02-14T11:13:22,281.0,0.0,63.0,Fujian
2020-02-14T12:53:02,230.0,0.0,54.0,Shaanxi
2020-02-14T15:23:02,226.0,2.0,36.0,Guangxi
2020-02-14T12:53:02,162.0,0.0,36.0,Yunnan
2020-02-14T15:23:02,159.0,4.0,43.0,Hainan
2020-02-14T01:53:02,140.0,1.0,28.0,Guizhou
2020-02-14T23:23:04,127.0,0.0,38.0,Shanxi
2020-02-14T11:13:22,120.0,3.0,31.0,Tianjin
2020-02-14T15:23:02,119.0,1.0,29.0,Liaoning
2020-02-13T15:53:03,90.0,2.0,39.0,Gansu
2020-02-14T00:43:02,86.0,1.0,25.0,Jilin
2020-02-14T01:43:02,67.0,0.0,24.0,Ningxia
2020-02-14T02:03:08,65.0,0.0,6.0,Inner Mongolia
2020-02-14T01:13:06,65.0,1.0,6.0,Xinjiang
2020-02-13T08:43:08,18.0,0.0,11.0,Qinghai
2020-02-12T06:43:02,1.0,0.0,1.0,Tibet
2020-02-15T23:13:05,56249.0,1596.0,5623.0,Hubei
2020-02-15T14:03:04,1294.0,2.0,410.0,Guangdong
2020-02-15T12:13:08,1212.0,13.0,391.0,Henan
2020-02-15T11:23:17,1162.0,0.0,428.0,Zhejiang
2020-02-15T13:03:04,1001.0,2.0,425.0,Hunan
2020-02-15T12:13:08,950.0,6.0,221.0,Anhui
2020-02-15T01:33:02,913.0,1.0,210.0,Jiangxi
2020-02-15T12:13:08,604.0,0.0,186.0,Jiangsu
2020-02-15T23:23:07,544.0,5.0,184.0,Chongqing
2020-02-15T11:23:17,532.0,2.0,156.0,Shandong
2020-02-15T08:43:03,470.0,1.0,119.0,Sichuan
2020-02-15T11:43:01,425.0,11.0,68.0,Heilongjiang
2020-02-15T09:53:01,375.0,4.0,98.0,Beijing
2020-02-15T03:13:06,326.0,1.0,124.0,Shanghai
2020-02-15T13:03:04,291.0,3.0,101.0,Hebei
2020-02-15T13:03:04,285.0,0.0,71.0,Fujian
2020-02-15T06:33:01,235.0,2.0,44.0,Guangxi
2020-02-15T12:13:08,232.0,0.0,60.0,Shaanxi
2020-02-15T06:33:01,168.0,0.0,42.0,Yunnan
2020-02-15T11:23:17,162.0,4.0,39.0,Hainan
2020-02-15T14:53:04,143.0,1.0,41.0,Guizhou
2020-02-15T23:13:05,128.0,0.0,46.0,Shanxi
2020-02-15T13:43:01,122.0,3.0,37.0,Tianjin
2020-02-15T09:53:01,119.0,1.0,31.0,Liaoning
2020-02-15T12:13:08,90.0,2.0,49.0,Gansu
2020-02-15T12:13:08,88.0,1.0,26.0,Jilin
2020-02-15T08:43:03,70.0,0.0,33.0,Ningxia
2020-02-15T09:53:01,70.0,1.0,10.0,Xinjiang
2020-02-15T14:03:04,68.0,0.0,7.0,Inner Mongolia
2020-02-15T08:43:03,18.0,0.0,13.0,Qinghai
2020-02-12T06:43:02,1.0,0.0,1.0,Tibet
2020-02-16T23:53:01,58182.0,1696.0,6639.0,Hubei
2020-02-16T12:03:06,1316.0,2.0,465.0,Guangdong
2020-02-16T13:53:03,1231.0,13.0,440.0,Henan
2020-02-16T09:33:02,1167.0,0.0,456.0,Zhejiang
2020-02-16T13:13:04,1004.0,3.0,464.0,Hunan
2020-02-16T08:33:02,962.0,6.0,255.0,Anhui
2020-02-16T10:03:06,925.0,1.0,240.0,Jiangxi
2020-02-16T09:33:02,617.0,0.0,218.0,Jiangsu
2020-02-16T23:53:01,551.0,5.0,207.0,Chongqing
2020-02-16T12:03:06,537.0,2.0,173.0,Shandong
2020-02-16T10:03:06,481.0,3.0,131.0,Sichuan
2020-02-16T13:53:03,445.0,11.0,79.0,Heilongjiang
2020-02-16T10:03:06,380.0,4.0,108.0,Beijing
2020-02-16T02:53:02,328.0,1.0,140.0,Shanghai
2020-02-16T12:03:06,300.0,3.0,105.0,Hebei
2020-02-16T12:03:06,287.0,0.0,82.0,Fujian
2020-02-16T12:03:06,237.0,2.0,49.0,Guangxi
2020-02-16T13:53:03,236.0,0.0,71.0,Shaanxi
2020-02-16T09:53:01,171.0,0.0,42.0,Yunnan
2020-02-16T12:03:06,162.0,4.0,52.0,Hainan
2020-02-16T09:13:09,144.0,1.0,46.0,Guizhou
2020-02-16T23:53:01,129.0,0.0,50.0,Shanxi
2020-02-16T12:23:02,124.0,3.0,45.0,Tianjin
2020-02-16T12:03:06,121.0,1.0,40.0,Liaoning
2020-02-16T13:53:03,90.0,2.0,54.0,Gansu
2020-02-16T10:03:06,89.0,1.0,30.0,Jilin
2020-02-16T08:33:02,71.0,1.0,12.0,Xinjiang
2020-02-16T08:33:02,70.0,0.0,8.0,Inner Mongolia
2020-02-15T08:43:03,70.0,0.0,33.0,Ningxia
2020-02-15T08:43:03,18.0,0.0,13.0,Qinghai
2020-02-12T06:43:02,1.0,0.0,1.0,Tibet
2020-02-17T23:13:06,59989.0,1789.0,7862.0,Hubei
2020-02-17T12:43:02,1322.0,4.0,524.0,Guangdong
2020-02-17T14:53:02,1246.0,16.0,509.0,Henan
2020-02-17T11:23:06,1171.0,0.0,507.0,Zhejiang
2020-02-17T11:43:01,1006.0,3.0,498.0,Hunan
2020-02-17T09:13:07,973.0,6.0,280.0,Anhui
2020-02-17T01:33:02,930.0,1.0,275.0,Jiangxi
2020-02-17T10:23:04,626.0,0.0,258.0,Jiangsu
2020-02-17T23:13:06,553.0,5.0,225.0,Chongqing
2020-02-17T11:03:06,541.0,2.0,191.0,Shandong
2020-02-17T13:13:09,495.0,3.0,156.0,Sichuan
2020-02-17T08:03:06,457.0,11.0,85.0,Heilongjiang
2020-02-17T01:23:02,381.0,4.0,114.0,Beijing
2020-02-17T23:53:02,333.0,1.0,161.0,Shanghai
2020-02-17T13:03:06,301.0,3.0,122.0,Hebei
2020-02-17T10:23:04,290.0,0.0,90.0,Fujian
2020-02-17T11:43:01,240.0,0.0,79.0,Shaanxi
2020-02-17T10:23:04,238.0,2.0,53.0,Guangxi
2020-02-17T10:23:04,171.0,0.0,47.0,Yunnan
2020-02-17T11:03:06,163.0,4.0,59.0,Hainan
2020-02-17T11:13:16,146.0,1.0,57.0,Guizhou
2020-02-17T22:53:01,130.0,0.0,53.0,Shanxi
2020-02-17T12:43:02,125.0,3.0,46.0,Tianjin
2020-02-17T11:13:16,121.0,1.0,43.0,Liaoning
2020-02-17T14:53:02,91.0,2.0,58.0,Gansu
2020-02-17T11:03:06,89.0,1.0,34.0,Jilin
2020-02-17T01:53:01,75.0,1.0,12.0,Xinjiang
2020-02-17T02:03:06,72.0,0.0,8.0,Inner Mongolia
2020-02-17T11:03:06,70.0,0.0,35.0,Ningxia
2020-02-15T08:43:03,18.0,0.0,13.0,Qinghai
2020-02-12T06:43:02,1.0,0.0,1.0,Tibet
2020-02-18T23:13:11,61682.0,1921.0,9128.0,Hubei
2020-02-18T13:43:02,1328.0,4.0,565.0,Guangdong
2020-02-18T14:23:02,1257.0,19.0,522.0,Henan
2020-02-18T12:23:02,1172.0,0.0,535.0,Zhejiang
2020-02-18T13:43:02,1007.0,4.0,527.0,Hunan
2020-02-18T13:43:02,982.0,6.0,361.0,Anhui
2020-02-18T01:33:01,933.0,1.0,310.0,Jiangxi
2020-02-18T12:33:02,629.0,0.0,280.0,Jiangsu
2020-02-18T23:23:03,555.0,5.0,254.0,Chongqing
2020-02-18T12:13:08,543.0,3.0,211.0,Shandong
2020-02-18T12:33:02,508.0,3.0,169.0,Sichuan
2020-02-18T11:03:12,464.0,11.0,111.0,Heilongjiang
2020-02-18T02:13:06,387.0,4.0,122.0,Beijing
2020-02-18T05:03:08,333.0,1.0,177.0,Shanghai
2020-02-18T23:53:01,306.0,4.0,136.0,Hebei
2020-02-18T09:43:08,292.0,0.0,93.0,Fujian
2020-02-18T12:33:02,242.0,2.0,69.0,Guangxi
2020-02-18T14:23:02,240.0,0.0,89.0,Shaanxi
2020-02-18T09:43:08,172.0,0.0,57.0,Yunnan
2020-02-18T10:43:02,163.0,4.0,79.0,Hainan
2020-02-18T13:33:02,146.0,2.0,66.0,Guizhou
2020-02-18T23:23:03,131.0,0.0,61.0,Shanxi
2020-02-18T13:53:02,128.0,3.0,48.0,Tianjin
2020-02-18T12:53:02,121.0,1.0,53.0,Liaoning
2020-02-18T14:53:02,91.0,2.0,62.0,Gansu
2020-02-18T07:43:02,89.0,1.0,36.0,Jilin
2020-02-18T01:03:15,76.0,1.0,12.0,Xinjiang
2020-02-18T02:03:06,73.0,0.0,8.0,Inner Mongolia
2020-02-18T10:23:03,70.0,0.0,42.0,Ningxia
2020-02-18T07:43:02,18.0,0.0,15.0,Qinghai
2020-02-12T06:43:02,1.0,0.0,1.0,Tibet
2020-02-19T23:23:02,62031.0,2029.0,10337.0,Hubei
2020-02-19T10:23:02,1331.0,5.0,606.0,Guangdong
2020-02-19T12:13:08,1262.0,19.0,573.0,Henan
2020-02-19T11:33:02,1174.0,0.0,604.0,Zhejiang
2020-02-19T11:33:02,1008.0,4.0,561.0,Hunan
2020-02-19T14:13:03,986.0,6.0,413.0,Anhui
2020-02-19T01:23:07,934.0,1.0,362.0,Jiangxi
2020-02-19T12:13:08,631.0,0.0,318.0,Jiangsu
2020-02-19T23:23:02,560.0,5.0,274.0,Chongqing
2020-02-19T12:03:07,544.0,3.0,231.0,Shandong
2020-02-19T13:53:02,514.0,3.0,188.0,Sichuan
2020-02-19T11:03:08,470.0,12.0,120.0,Heilongjiang
2020-02-19T04:53:02,393.0,4.0,145.0,Beijing
2020-02-19T04:43:02,333.0,2.0,186.0,Shanghai
2020-02-19T13:23:02,306.0,4.0,152.0,Hebei
2020-02-19T11:53:02,293.0,0.0,112.0,Fujian
2020-02-19T09:13:12,244.0,2.0,86.0,Guangxi
2020-02-19T10:23:02,242.0,0.0,102.0,Shaanxi
2020-02-19T23:33:02,172.0,1.0,60.0,Yunnan
2020-02-19T23:43:02,168.0,4.0,84.0,Hainan
2020-02-19T10:53:02,146.0,2.0,70.0,Guizhou
2020-02-19T23:53:02,131.0,0.0,68.0,Shanxi
2020-02-19T13:03:03,130.0,3.0,54.0,Tianjin
2020-02-19T01:23:07,121.0,1.0,55.0,Liaoning
2020-02-19T13:53:02,91.0,2.0,65.0,Gansu
2020-02-19T06:03:08,90.0,1.0,37.0,Jilin
2020-02-19T07:03:07,76.0,1.0,20.0,Xinjiang
2020-02-19T11:03:08,75.0,0.0,10.0,Inner Mongolia
2020-02-19T01:53:02,71.0,0.0,42.0,Ningxia
2020-02-19T04:53:02,18.0,0.0,16.0,Qinghai
2020-02-12T06:43:02,1.0,0.0,1.0,Tibet
2020-02-20T23:43:02,62442.0,2144.0,11788.0,Hubei
2020-02-20T11:13:27,1332.0,5.0,642.0,Guangdong
2020-02-20T13:53:06,1265.0,19.0,637.0,Henan
2020-02-20T11:13:27,1175.0,1.0,633.0,Zhejiang
2020-02-20T11:13:27,1010.0,4.0,634.0,Hunan
2020-02-20T09:53:02,987.0,6.0,474.0,Anhui
2020-02-20T05:23:02,934.0,1.0,433.0,Jiangxi
2020-02-20T12:53:02,631.0,0.0,356.0,Jiangsu
2020-02-20T23:13:05,567.0,6.0,299.0,Chongqing
2020-02-20T11:13:27,546.0,4.0,254.0,Shandong
2020-02-20T09:53:02,520.0,3.0,217.0,Sichuan
2020-02-20T09:43:01,476.0,12.0,136.0,Heilongjiang
2020-02-20T01:43:01,395.0,4.0,153.0,Beijing
2020-02-20T06:03:03,334.0,2.0,199.0,Shanghai
2020-02-20T11:13:27,307.0,5.0,169.0,Hebei
2020-02-20T12:23:02,293.0,1.0,126.0,Fujian
2020-02-20T09:43:01,245.0,2.0,90.0,Guangxi
2020-02-20T09:53:02,245.0,1.0,118.0,Shaanxi
2020-02-20T23:13:05,174.0,2.0,79.0,Yunnan
2020-02-20T09:53:02,168.0,4.0,86.0,Hainan
2020-02-20T09:43:01,146.0,2.0,72.0,Guizhou
2020-02-20T23:13:05,132.0,0.0,76.0,Shanxi
2020-02-20T12:53:02,131.0,3.0,59.0,Tianjin
2020-02-20T06:23:02,121.0,1.0,59.0,Liaoning
2020-02-20T14:13:17,91.0,2.0,71.0,Gansu
2020-02-20T09:43:01,91.0,1.0,43.0,Jilin
2020-02-20T13:33:02,76.0,1.0,22.0,Xinjiang
2020-02-20T12:53:02,75.0,0.0,16.0,Inner Mongolia
2020-02-20T05:23:02,71.0,0.0,44.0,Ningxia
2020-02-19T04:53:02,18.0,0.0,16.0,Qinghai
2020-02-12T06:43:02,1.0,0.0,1.0,Tibet
2020-02-21T13:03:09,62662.0,2144.0,11881.0,Hubei
2020-02-21T10:13:09,1333.0,5.0,690.0,Guangdong
2020-02-21T13:43:02,1267.0,19.0,736.0,Henan
2020-02-21T10:23:02,1203.0,1.0,679.0,Zhejiang
2020-02-21T15:13:07,1011.0,4.0,661.0,Hunan
2020-02-21T10:13:09,988.0,6.0,539.0,Anhui
2020-02-21T01:13:05,934.0,1.0,489.0,Jiangxi
2020-02-21T10:23:02,749.0,4.0,281.0,Shandong
2020-02-21T11:43:01,631.0,0.0,373.0,Jiangsu
2020-02-21T23:13:14,572.0,6.0,316.0,Chongqing
2020-02-21T12:53:01,525.0,3.0,231.0,Sichuan
2020-02-21T11:43:01,479.0,12.0,175.0,Heilongjiang
2020-02-21T01:03:09,396.0,4.0,169.0,Beijing
2020-02-21T05:53:01,334.0,2.0,211.0,Shanghai
2020-02-21T12:53:01,308.0,5.0,184.0,Hebei
2020-02-21T11:43:01,293.0,1.0,149.0,Fujian
2020-02-21T11:43:01,246.0,2.0,97.0,Guangxi
2020-02-21T11:43:01,245.0,1.0,134.0,Shaanxi
2020-02-21T06:23:04,174.0,2.0,96.0,Yunnan
2020-02-21T10:13:09,168.0,4.0,95.0,Hainan
2020-02-21T12:53:01,146.0,2.0,77.0,Guizhou
2020-02-21T23:33:06,132.0,0.0,78.0,Shanxi
2020-02-21T12:53:01,132.0,3.0,62.0,Tianjin
2020-02-21T01:33:02,121.0,1.0,61.0,Liaoning
2020-02-21T15:13:07,91.0,2.0,76.0,Gansu
2020-02-21T10:13:09,91.0,1.0,45.0,Jilin
2020-02-21T13:43:02,76.0,1.0,24.0,Xinjiang
2020-02-21T08:03:15,75.0,0.0,17.0,Inner Mongolia
2020-02-21T06:23:04,71.0,0.0,48.0,Ningxia
2020-02-21T04:43:02,18.0,0.0,18.0,Qinghai
2020-02-12T06:43:02,1.0,0.0,1.0,Tibet
2020-02-22T23:33:06,64084.0,2346.0,15299.0,Hubei
2020-02-22T10:03:04,1339.0,5.0,728.0,Guangdong
2020-02-22T14:13:38,1270.0,19.0,830.0,Henan
2020-02-22T11:13:13,1205.0,1.0,719.0,Zhejiang
2020-02-22T10:03:04,1013.0,4.0,692.0,Hunan
2020-02-22T07:43:03,989.0,6.0,597.0,Anhui
2020-02-22T06:13:05,934.0,1.0,555.0,Jiangxi
2020-02-22T09:43:02,750.0,4.0,302.0,Shandong
2020-02-22T07:43:03,631.0,0.0,401.0,Jiangsu
2020-02-22T23:23:05,573.0,6.0,328.0,Chongqing
2020-02-22T13:03:03,526.0,3.0,250.0,Sichuan
2020-02-22T11:13:13,479.0,12.0,204.0,Heilongjiang
2020-02-22T02:23:05,399.0,4.0,178.0,Beijing
2020-02-22T06:33:17,335.0,3.0,227.0,Shanghai
2020-02-22T12:33:04,309.0,6.0,203.0,Hebei
2020-02-22T14:03:04,293.0,1.0,162.0,Fujian
2020-02-22T05:53:02,249.0,2.0,104.0,Guangxi
2020-02-22T09:53:02,245.0,1.0,149.0,Shaanxi
2020-02-22T04:43:02,174.0,2.0,107.0,Yunnan
2020-02-22T09:53:02,168.0,4.0,104.0,Hainan
2020-02-22T01:03:10,146.0,2.0,90.0,Guizhou
2020-02-22T12:33:04,135.0,3.0,65.0,Tianjin
2020-02-22T23:23:05,132.0,0.0,81.0,Shanxi
2020-02-22T02:23:05,121.0,1.0,66.0,Liaoning
2020-02-21T15:13:07,91.0,2.0,76.0,Gansu
2020-02-22T12:33:04,91.0,1.0,52.0,Jilin
2020-02-22T11:13:14,76.0,2.0,25.0,Xinjiang
2020-02-22T23:53:01,75.0,0.0,26.0,Inner Mongolia
2020-02-21T06:23:04,71.0,0.0,48.0,Ningxia
2020-02-21T04:43:02,18.0,0.0,18.0,Qinghai
2020-02-12T06:43:02,1.0,0.0,1.0,Tibet
2020-02-23T11:33:03,64084.0,2346.0,15343.0,Hubei
2020-02-23T08:53:02,1342.0,6.0,755.0,Guangdong
2020-02-23T10:23:02,1271.0,19.0,868.0,Henan
2020-02-23T13:43:02,1205.0,1.0,760.0,Zhejiang
2020-02-23T10:33:03,1016.0,4.0,714.0,Hunan
2020-02-23T10:53:02,989.0,6.0,637.0,Anhui
2020-02-23T09:23:02,934.0,1.0,613.0,Jiangxi
2020-02-23T11:33:03,754.0,4.0,321.0,Shandong
2020-02-23T08:53:02,631.0,0.0,418.0,Jiangsu
2020-02-23T23:13:05,575.0,6.0,335.0,Chongqing
2020-02-23T08:53:02,526.0,3.0,261.0,Sichuan
2020-02-23T13:43:02,480.0,12.0,222.0,Heilongjiang
2020-02-23T01:13:13,399.0,4.0,189.0,Beijing
2020-02-23T03:13:07,335.0,3.0,249.0,Shanghai
2020-02-23T11:33:03,311.0,6.0,219.0,Hebei
2020-02-23T10:33:03,293.0,1.0,170.0,Fujian
2020-02-23T10:33:03,249.0,2.0,106.0,Guangxi
2020-02-23T12:13:14,245.0,1.0,163.0,Shaanxi
2020-02-23T05:33:03,174.0,2.0,115.0,Yunnan
2020-02-23T23:23:03,168.0,5.0,106.0,Hainan
2020-02-23T12:43:02,146.0,2.0,102.0,Guizhou
2020-02-23T12:43:02,135.0,3.0,81.0,Tianjin
2020-02-23T23:03:08,132.0,0.0,88.0,Shanxi
2020-02-23T13:33:02,121.0,1.0,73.0,Liaoning
2020-02-23T13:23:06,91.0,2.0,78.0,Gansu
2020-02-23T12:43:02,91.0,1.0,54.0,Jilin
2020-02-23T14:43:04,76.0,2.0,28.0,Xinjiang
2020-02-23T09:43:02,75.0,0.0,27.0,Inner Mongolia
2020-02-23T05:33:03,71.0,0.0,56.0,Ningxia
2020-02-21T04:43:02,18.0,0.0,18.0,Qinghai
2020-02-12T06:43:02,1.0,0.0,1.0,Tibet
2020-02-24T11:13:09,64287.0,2495.0,16748.0,Hubei
2020-02-24T10:23:02,1345.0,6.0,786.0,Guangdong
2020-02-24T13:23:05,1271.0,19.0,943.0,Henan
2020-02-24T09:43:02,1205.0,1.0,782.0,Zhejiang
2020-02-24T14:13:11,1016.0,4.0,731.0,Hunan
2020-02-24T09:43:02,989.0,6.0,663.0,Anhui
2020-02-24T01:23:09,934.0,1.0,645.0,Jiangxi
2020-02-24T10:23:02,755.0,5.0,343.0,Shandong
2020-02-24T14:53:02,631.0,0.0,452.0,Jiangsu
2020-02-24T23:23:01,576.0,6.0,349.0,Chongqing
2020-02-24T14:13:11,527.0,3.0,276.0,Sichuan
2020-02-24T14:53:02,480.0,12.0,227.0,Heilongjiang
2020-02-24T00:53:02,399.0,4.0,198.0,Beijing
2020-02-24T07:03:06,335.0,3.0,261.0,Shanghai
2020-02-24T14:13:11,311.0,6.0,234.0,Hebei
2020-02-24T10:23:02,293.0,1.0,183.0,Fujian
2020-02-24T06:53:02,251.0,2.0,112.0,Guangxi
2020-02-24T14:53:02,245.0,1.0,173.0,Shaanxi
2020-02-24T23:13:02,174.0,2.0,124.0,Yunnan
2020-02-24T14:53:02,168.0,5.0,116.0,Hainan
2020-02-23T12:43:02,146.0,2.0,102.0,Guizhou
2020-02-24T15:03:05,135.0,3.0,87.0,Tianjin
2020-02-24T23:13:02,133.0,0.0,94.0,Shanxi
2020-02-24T06:53:02,121.0,1.0,80.0,Liaoning
2020-02-24T09:43:02,93.0,1.0,60.0,Jilin
2020-02-24T15:13:07,91.0,2.0,80.0,Gansu
2020-02-24T15:03:05,76.0,2.0,30.0,Xinjiang
2020-02-24T15:03:05,75.0,0.0,34.0,Inner Mongolia
2020-02-24T06:53:02,71.0,0.0,58.0,Ningxia
2020-02-21T04:43:02,18.0,0.0,18.0,Qinghai
2020-02-12T06:43:02,1.0,0.0,1.0,Tibet
2020-02-25T15:23:04,64786.0,2563.0,18971.0,Hubei
2020-02-25T08:53:02,1347.0,7.0,822.0,Guangdong
2020-02-25T12:43:02,1271.0,19.0,1002.0,Henan
2020-02-25T09:13:05,1205.0,1.0,808.0,Zhejiang
2020-02-25T15:03:05,1016.0,4.0,768.0,Hunan
2020-02-25T06:33:02,989.0,6.0,712.0,Anhui
2020-02-25T15:03:05,934.0,1.0,683.0,Jiangxi
2020-02-25T12:53:02,756.0,6.0,355.0,Shandong
2020-02-25T00:53:02,631.0,0.0,458.0,Jiangsu
2020-02-25T23:23:03,576.0,6.0,372.0,Chongqing
2020-02-25T15:03:05,529.0,3.0,289.0,Sichuan
2020-02-25T15:23:04,480.0,12.0,243.0,Heilongjiang
2020-02-25T01:33:02,400.0,4.0,215.0,Beijing
2020-02-25T06:33:02,336.0,3.0,268.0,Shanghai
2020-02-25T12:43:02,311.0,6.0,248.0,Hebei
2020-02-25T10:03:07,294.0,1.0,199.0,Fujian
2020-02-25T10:03:07,252.0,2.0,134.0,Guangxi
2020-02-25T15:23:04,245.0,1.0,186.0,Shaanxi
2020-02-25T04:53:02,174.0,2.0,129.0,Yunnan
2020-02-25T12:53:02,168.0,5.0,124.0,Hainan
2020-02-25T08:03:07,146.0,2.0,104.0,Guizhou
2020-02-25T15:23:04,135.0,3.0,91.0,Tianjin
2020-02-25T23:13:03,133.0,0.0,98.0,Shanxi
2020-02-25T00:23:03,121.0,1.0,83.0,Liaoning
2020-02-25T15:23:04,93.0,1.0,63.0,Jilin
2020-02-24T15:13:07,91.0,2.0,80.0,Gansu
2020-02-24T15:03:05,76.0,2.0,30.0,Xinjiang
2020-02-25T23:53:02,75.0,0.0,35.0,Inner Mongolia
2020-02-25T03:53:02,71.0,0.0,61.0,Ningxia
2020-02-21T04:43:02,18.0,0.0,18.0,Qinghai
2020-02-12T06:43:02,1.0,0.0,1.0,Tibet
2020-02-26T14:13:10,65187.0,2615.0,20969.0,Hubei
2020-02-26T10:33:02,1347.0,7.0,851.0,Guangdong
2020-02-26T10:33:02,1271.0,19.0,1033.0,Henan
2020-02-26T10:33:02,1205.0,1.0,867.0,Zhejiang
2020-02-26T10:13:11,1016.0,4.0,783.0,Hunan
2020-02-26T10:13:11,989.0,6.0,744.0,Anhui
2020-02-26T01:13:04,934.0,1.0,719.0,Jiangxi
2020-02-26T12:43:02,756.0,6.0,377.0,Shandong
2020-02-26T10:13:11,631.0,0.0,478.0,Jiangsu
2020-02-26T23:43:02,576.0,6.0,384.0,Chongqing
2020-02-26T10:13:11,531.0,3.0,307.0,Sichuan
2020-02-26T10:33:02,480.0,12.0,249.0,Heilongjiang
2020-02-26T00:53:02,400.0,4.0,235.0,Beijing
2020-02-26T23:53:01,337.0,3.0,272.0,Shanghai
2020-02-26T10:33:02,312.0,6.0,261.0,Hebei
2020-02-26T10:33:02,294.0,1.0,218.0,Fujian
2020-02-26T14:13:10,252.0,2.0,147.0,Guangxi
2020-02-26T14:13:10,245.0,1.0,192.0,Shaanxi
2020-02-26T05:13:16,174.0,2.0,144.0,Yunnan
2020-02-26T12:43:02,168.0,5.0,129.0,Hainan
2020-02-25T08:03:07,146.0,2.0,104.0,Guizhou
2020-02-26T12:43:02,135.0,3.0,96.0,Tianjin
2020-02-26T14:13:10,133.0,0.0,104.0,Shanxi
2020-02-26T00:13:05,121.0,1.0,88.0,Liaoning
2020-02-26T14:13:10,93.0,1.0,65.0,Jilin
2020-02-26T14:13:10,91.0,2.0,81.0,Gansu
2020-02-26T14:23:03,76.0,2.0,34.0,Xinjiang
2020-02-26T15:03:05,75.0,0.0,38.0,Inner Mongolia
2020-02-26T03:53:01,71.0,0.0,65.0,Ningxia
2020-02-21T04:43:02,18.0,0.0,18.0,Qinghai
2020-02-12T06:43:02,1.0,0.0,1.0,Tibet
2020-02-27T12:13:14,65596.0,2641.0,23383.0,Hubei
2020-02-27T09:53:02,1347.0,7.0,890.0,Guangdong
2020-02-27T15:03:11,1272.0,20.0,1068.0,Henan
2020-02-27T12:43:02,1205.0,1.0,932.0,Zhejiang
2020-02-27T12:43:02,1017.0,4.0,804.0,Hunan
2020-02-27T14:13:06,989.0,6.0,792.0,Anhui
2020-02-27T01:43:02,934.0,1.0,754.0,Jiangxi
2020-02-27T14:13:06,756.0,6.0,387.0,Shandong
2020-02-27T14:13:06,631.0,0.0,498.0,Jiangsu
2020-02-27T23:23:02,576.0,6.0,401.0,Chongqing
2020-02-27T12:43:02,534.0,3.0,321.0,Sichuan
2020-02-27T12:43:02,480.0,13.0,270.0,Heilongjiang
2020-02-27T02:23:13,410.0,5.0,248.0,Beijing
2020-02-27T04:03:12,337.0,3.0,276.0,Shanghai
2020-02-27T12:43:02,317.0,6.0,274.0,Hebei
2020-02-27T10:03:07,296.0,1.0,228.0,Fujian
2020-02-27T10:03:07,252.0,2.0,161.0,Guangxi
2020-02-27T12:43:02,245.0,1.0,195.0,Shaanxi
2020-02-27T10:03:07,174.0,2.0,150.0,Yunnan
2020-02-27T10:03:07,168.0,5.0,131.0,Hainan
2020-02-27T00:43:02,146.0,2.0,112.0,Guizhou
2020-02-27T23:13:04,136.0,3.0,102.0,Tianjin
2020-02-27T23:13:04,133.0,0.0,107.0,Shanxi
2020-02-27T14:13:06,121.0,1.0,93.0,Liaoning
2020-02-27T12:43:02,93.0,1.0,67.0,Jilin
2020-02-26T14:13:10,91.0,2.0,81.0,Gansu
2020-02-27T12:43:02,76.0,2.0,43.0,Xinjiang
2020-02-27T23:33:02,75.0,0.0,43.0,Inner Mongolia
2020-02-27T10:03:07,72.0,0.0,68.0,Ningxia
2020-02-21T04:43:02,18.0,0.0,18.0,Qinghai
2020-02-12T06:43:02,1.0,0.0,1.0,Tibet
2020-02-28T00:43:01,65914.0,2682.0,26403.0,Hubei
2020-02-28T08:53:03,1348.0,7.0,935.0,Guangdong
2020-02-28T09:23:02,1272.0,20.0,1112.0,Henan
2020-02-28T10:03:12,1205.0,1.0,975.0,Zhejiang
2020-02-28T09:13:10,1017.0,4.0,830.0,Hunan
2020-02-28T04:43:02,990.0,6.0,821.0,Anhui
2020-02-28T01:13:11,935.0,1.0,790.0,Jiangxi
2020-02-28T09:23:02,756.0,6.0,405.0,Shandong
2020-02-28T08:53:03,631.0,0.0,515.0,Jiangsu
2020-02-28T23:23:03,576.0,6.0,422.0,Chongqing
2020-02-28T09:23:02,538.0,3.0,338.0,Sichuan
2020-02-28T04:43:02,480.0,13.0,283.0,Heilongjiang
2020-02-28T02:23:05,410.0,7.0,257.0,Beijing
2020-02-28T04:53:03,337.0,3.0,279.0,Shanghai
2020-02-28T08:53:03,318.0,6.0,277.0,Hebei
2020-02-28T09:13:10,296.0,1.0,235.0,Fujian
2020-02-28T09:13:10,252.0,2.0,168.0,Guangxi
2020-02-28T08:53:03,245.0,1.0,199.0,Shaanxi
2020-02-28T05:03:09,174.0,2.0,156.0,Yunnan
2020-02-28T08:53:03,168.0,5.0,133.0,Hainan
2020-02-27T00:43:02,146.0,2.0,112.0,Guizhou
2020-02-27T23:13:04,136.0,3.0,102.0,Tianjin
2020-02-28T23:23:03,133.0,0.0,112.0,Shanxi
2020-02-27T14:13:06,121.0,1.0,93.0,Liaoning
2020-02-28T08:53:03,93.0,1.0,73.0,Jilin
2020-02-28T02:33:02,91.0,2.0,82.0,Gansu
2020-02-28T07:43:02,76.0,3.0,52.0,Xinjiang
2020-02-28T07:23:03,75.0,0.0,45.0,Inner Mongolia
2020-02-27T10:03:07,72.0,0.0,68.0,Ningxia
2020-02-21T04:43:02,18.0,0.0,18.0,Qinghai
2020-02-12T06:43:02,1.0,0.0,1.0,Tibet
2020-02-29T12:13:10,66337.0,2727.0,28993.0,Hubei
2020-02-29T15:33:03,1349.0,7.0,983.0,Guangdong
2020-02-29T12:43:05,1272.0,21.0,1170.0,Henan
2020-02-29T09:13:10,1205.0,1.0,1016.0,Zhejiang
2020-02-29T15:33:03,1018.0,4.0,846.0,Hunan
2020-02-29T05:03:13,990.0,6.0,868.0,Anhui
2020-02-29T01:23:07,935.0,1.0,811.0,Jiangxi
2020-02-29T15:33:03,756.0,6.0,421.0,Shandong
2020-02-29T07:23:11,631.0,0.0,523.0,Jiangsu
2020-02-29T23:13:06,576.0,6.0,438.0,Chongqing
2020-02-29T12:03:07,538.0,3.0,351.0,Sichuan
2020-02-29T12:03:07,480.0,13.0,301.0,Heilongjiang
2020-02-29T03:33:02,411.0,8.0,271.0,Beijing
2020-02-29T06:23:03,337.0,3.0,287.0,Shanghai
2020-02-29T15:33:03,318.0,6.0,282.0,Hebei
2020-02-29T15:33:03,296.0,1.0,243.0,Fujian
2020-02-29T12:03:07,252.0,2.0,176.0,Guangxi
2020-02-29T09:03:06,245.0,1.0,207.0,Shaanxi
2020-02-29T05:03:13,174.0,2.0,157.0,Yunnan
2020-02-29T23:43:02,168.0,5.0,148.0,Hainan
2020-02-27T00:43:02,146.0,2.0,112.0,Guizhou
2020-02-29T12:03:07,136.0,3.0,109.0,Tianjin
2020-02-29T23:13:06,133.0,0.0,114.0,Shanxi
2020-02-29T15:33:03,121.0,1.0,96.0,Liaoning
2020-02-29T09:13:10,93.0,1.0,75.0,Jilin
2020-02-28T02:33:02,91.0,2.0,82.0,Gansu
2020-02-29T12:03:07,76.0,3.0,62.0,Xinjiang
2020-02-29T09:03:06,75.0,0.0,49.0,Inner Mongolia
2020-02-29T05:53:02,73.0,0.0,69.0,Ningxia
2020-02-21T04:43:02,18.0,0.0,18.0,Qinghai
2020-02-12T06:43:02,1.0,0.0,1.0,Tibet
2020-03-01T10:13:19,66907.0,2761.0,31536.0,Hubei
2020-03-01T14:13:18,1349.0,7.0,1016.0,Guangdong
2020-03-01T14:13:18,1272.0,22.0,1198.0,Henan
2020-03-01T10:13:33,1205.0,1.0,1046.0,Zhejiang
2020-03-01T10:03:03,1018.0,4.0,866.0,Hunan
2020-03-01T10:03:03,990.0,6.0,873.0,Anhui
2020-03-01T01:13:10,935.0,1.0,831.0,Jiangxi
2020-03-01T11:33:03,758.0,6.0,443.0,Shandong
2020-03-01T10:03:03,631.0,0.0,536.0,Jiangsu
2020-03-01T23:13:08,576.0,6.0,450.0,Chongqing
2020-03-01T11:43:02,538.0,3.0,365.0,Sichuan
2020-03-01T11:33:03,480.0,13.0,342.0,Heilongjiang
2020-03-01T02:53:03,413.0,8.0,276.0,Beijing
2020-03-01T07:13:07,337.0,3.0,290.0,Shanghai
2020-03-01T14:13:18,318.0,6.0,294.0,Hebei
2020-03-01T09:43:03,296.0,1.0,247.0,Fujian
2020-03-01T09:43:03,252.0,2.0,181.0,Guangxi
2020-03-01T09:43:03,245.0,1.0,208.0,Shaanxi
2020-03-01T07:13:07,174.0,2.0,163.0,Yunnan
2020-03-01T10:13:38,168.0,5.0,149.0,Hainan
2020-02-27T00:43:02,146.0,2.0,112.0,Guizhou
2020-03-01T12:43:02,136.0,3.0,111.0,Tianjin
2020-03-01T23:13:08,133.0,0.0,116.0,Shanxi
2020-03-01T12:23:06,122.0,1.0,103.0,Liaoning
2020-03-01T09:43:03,93.0,1.0,78.0,Jilin
2020-03-01T14:33:17,91.0,2.0,84.0,Gansu
2020-03-01T10:03:03,76.0,3.0,64.0,Xinjiang
2020-03-01T10:03:03,75.0,0.0,52.0,Inner Mongolia
2020-02-29T05:53:02,73.0,0.0,69.0,Ningxia
2020-02-21T04:43:02,18.0,0.0,18.0,Qinghai
2020-02-12T06:43:02,1.0,0.0,1.0,Tibet
2020-03-02T15:03:23,67103.0,2803.0,33934.0,Hubei
2020-03-02T15:03:23,1350.0,7.0,1059.0,Guangdong
2020-03-02T11:43:03,1272.0,22.0,1205.0,Henan
2020-03-02T11:43:03,1206.0,1.0,1069.0,Zhejiang
2020-03-02T11:43:03,1018.0,4.0,887.0,Hunan
2020-03-02T15:03:23,990.0,6.0,917.0,Anhui
2020-03-02T01:33:02,935.0,1.0,850.0,Jiangxi
2020-03-02T08:03:12,758.0,6.0,460.0,Shandong
2020-03-02T12:53:02,631.0,0.0,543.0,Jiangsu
2020-03-02T23:23:02,576.0,6.0,469.0,Chongqing
2020-03-02T15:03:23,538.0,3.0,386.0,Sichuan
2020-03-02T12:53:02,480.0,13.0,356.0,Heilongjiang
2020-03-02T02:13:16,414.0,8.0,282.0,Beijing
2020-03-02T04:03:13,337.0,3.0,292.0,Shanghai
2020-03-02T09:43:05,318.0,6.0,296.0,Hebei
2020-03-02T12:53:02,296.0,1.0,255.0,Fujian
2020-03-02T12:53:02,252.0,2.0,192.0,Guangxi
2020-03-02T08:03:12,245.0,1.0,216.0,Shaanxi
2020-03-02T06:23:04,174.0,2.0,168.0,Yunnan
2020-03-02T02:03:18,168.0,5.0,151.0,Hainan
2020-03-02T01:13:06,146.0,2.0,114.0,Guizhou
2020-03-01T12:43:02,136.0,3.0,111.0,Tianjin
2020-03-02T23:23:02,133.0,0.0,119.0,Shanxi
2020-03-01T12:23:06,122.0,1.0,103.0,Liaoning
2020-03-02T15:03:23,93.0,1.0,83.0,Jilin
2020-03-02T15:03:23,91.0,2.0,85.0,Gansu
2020-03-02T15:43:31,76.0,3.0,66.0,Xinjiang
2020-03-02T10:23:04,75.0,0.0,54.0,Inner Mongolia
2020-03-02T01:33:02,74.0,0.0,69.0,Ningxia
2020-02-21T04:43:02,18.0,0.0,18.0,Qinghai
2020-02-12T06:43:02,1.0,0.0,1.0,Tibet
2020-03-03T11:43:02,67217.0,2835.0,36208.0,Hubei
2020-03-03T10:23:10,1350.0,7.0,1101.0,Guangdong
2020-03-03T09:43:02,1272.0,22.0,1231.0,Henan
2020-03-03T12:33:02,1213.0,1.0,1093.0,Zhejiang
2020-03-03T13:03:04,1018.0,4.0,906.0,Hunan
2020-03-03T14:33:03,990.0,6.0,936.0,Anhui
2020-03-03T02:03:11,935.0,1.0,870.0,Jiangxi
2020-03-03T07:53:03,758.0,6.0,511.0,Shandong
2020-03-03T11:03:09,631.0,0.0,562.0,Jiangsu
2020-03-03T23:13:05,576.0,6.0,490.0,Chongqing
2020-03-03T09:33:02,538.0,3.0,394.0,Sichuan
2020-03-03T13:03:04,480.0,13.0,366.0,Heilongjiang
2020-03-03T02:03:11,414.0,8.0,288.0,Beijing
2020-03-03T03:43:02,338.0,3.0,294.0,Shanghai
2020-03-03T09:33:02,318.0,6.0,300.0,Hebei
2020-03-03T13:43:03,296.0,1.0,260.0,Fujian
2020-03-03T00:23:14,252.0,2.0,202.0,Guangxi
2020-03-02T08:03:12,245.0,1.0,216.0,Shaanxi
2020-03-03T03:43:02,174.0,2.0,169.0,Yunnan
2020-03-03T23:43:02,168.0,5.0,155.0,Hainan
2020-03-02T01:13:06,146.0,2.0,114.0,Guizhou
2020-03-03T11:43:02,136.0,3.0,124.0,Tianjin
2020-03-03T23:13:05,133.0,0.0,124.0,Shanxi
2020-03-03T14:33:03,125.0,1.0,106.0,Liaoning
2020-03-02T15:03:23,93.0,1.0,83.0,Jilin
2020-03-03T13:43:03,91.0,2.0,86.0,Gansu
2020-03-03T07:33:03,76.0,3.0,68.0,Xinjiang
2020-03-03T09:23:02,75.0,1.0,59.0,Inner Mongolia
2020-03-02T01:33:02,74.0,0.0,69.0,Ningxia
2020-02-21T04:43:02,18.0,0.0,18.0,Qinghai
2020-02-12T06:43:02,1.0,0.0,1.0,Tibet
2020-03-04T12:53:03,67332.0,2871.0,38557.0,Hubei
2020-03-04T10:03:19,1350.0,7.0,1133.0,Guangdong
2020-03-04T00:33:05,1272.0,22.0,1234.0,Henan
2020-03-04T10:03:19,1213.0,1.0,1114.0,Zhejiang
2020-03-04T15:43:02,1018.0,4.0,916.0,Hunan
2020-03-04T10:03:19,990.0,6.0,956.0,Anhui
2020-03-04T01:33:07,935.0,1.0,884.0,Jiangxi
2020-03-04T12:53:03,758.0,6.0,516.0,Shandong
2020-03-04T12:53:03,631.0,0.0,577.0,Jiangsu
2020-03-04T23:23:01,576.0,6.0,502.0,Chongqing
2020-03-04T12:53:03,538.0,3.0,406.0,Sichuan
2020-03-04T12:53:03,480.0,13.0,373.0,Heilongjiang
2020-03-04T23:23:01,418.0,8.0,297.0,Beijing
2020-03-04T04:13:08,338.0,3.0,298.0,Shanghai
2020-03-04T10:03:19,318.0,6.0,301.0,Hebei
2020-03-04T12:53:03,296.0,1.0,270.0,Fujian
2020-03-04T00:13:08,252.0,2.0,210.0,Guangxi
2020-03-04T15:43:03,245.0,1.0,223.0,Shaanxi
2020-03-03T03:43:02,174.0,2.0,169.0,Yunnan
2020-03-04T10:03:19,168.0,5.0,158.0,Hainan
2020-03-02T01:13:06,146.0,2.0,114.0,Guizhou
2020-03-03T11:43:02,136.0,3.0,124.0,Tianjin
2020-03-03T23:13:05,133.0,0.0,124.0,Shanxi
2020-03-03T14:33:03,125.0,1.0,106.0,Liaoning
2020-03-04T10:03:19,93.0,1.0,86.0,Jilin
2020-03-04T15:43:03,91.0,2.0,87.0,Gansu
2020-03-04T15:43:03,76.0,3.0,69.0,Xinjiang
2020-03-04T15:43:03,75.0,1.0,63.0,Inner Mongolia
2020-03-04T01:33:07,75.0,0.0,69.0,Ningxia
2020-02-21T04:43:02,18.0,0.0,18.0,Qinghai
2020-02-12T06:43:02,1.0,0.0,1.0,Tibet
2020-03-05T14:53:03,67466.0,2902.0,40592.0,Hubei
2020-03-05T09:23:03,1351.0,7.0,1181.0,Guangdong
2020-03-05T01:48:26,1272.0,22.0,1239.0,Henan
2020-03-05T09:43:03,1215.0,1.0,1124.0,Zhejiang
2020-03-05T08:43:03,1018.0,4.0,938.0,Hunan
2020-03-05T04:33:02,990.0,6.0,970.0,Anhui
2020-03-05T01:16:58,935.0,1.0,901.0,Jiangxi
2020-03-05T14:53:03,758.0,6.0,578.0,Shandong
2020-03-05T14:53:03,631.0,0.0,583.0,Jiangsu
2020-03-05T23:23:02,576.0,6.0,512.0,Chongqing
2020-03-05T14:53:03,539.0,3.0,425.0,Sichuan
2020-03-05T00:23:06,481.0,13.0,379.0,Heilongjiang
2020-03-04T23:23:01,418.0,8.0,297.0,Beijing
2020-03-05T06:23:06,339.0,3.0,303.0,Shanghai
2020-03-05T14:53:03,318.0,6.0,304.0,Hebei
2020-03-05T09:33:03,296.0,1.0,277.0,Fujian
2020-03-05T10:03:08,252.0,2.0,214.0,Guangxi
2020-03-05T06:03:08,245.0,1.0,224.0,Shaanxi
2020-03-03T03:43:02,174.0,2.0,169.0,Yunnan
2020-03-05T06:13:10,168.0,6.0,158.0,Hainan
2020-03-02T01:13:06,146.0,2.0,114.0,Guizhou
2020-03-05T03:33:27,136.0,3.0,128.0,Tianjin
2020-03-05T14:53:03,133.0,0.0,126.0,Shanxi
2020-03-03T14:33:03,125.0,1.0,106.0,Liaoning
2020-03-05T15:13:13,102.0,2.0,87.0,Gansu
2020-03-05T14:53:03,93.0,1.0,88.0,Jilin
2020-03-05T06:03:08,76.0,3.0,70.0,Xinjiang
2020-03-05T23:53:01,75.0,1.0,65.0,Inner Mongolia
2020-03-04T01:33:07,75.0,0.0,69.0,Ningxia
2020-02-21T04:43:02,18.0,0.0,18.0,Qinghai
2020-02-12T06:43:02,1.0,0.0,1.0,Tibet
2020-03-06T14:23:04,67592.0,2931.0,42033.0,Hubei
2020-03-06T12:53:03,1352.0,7.0,1216.0,Guangdong
2020-03-06T12:43:03,1272.0,22.0,1244.0,Henan
2020-03-06T10:23:03,1215.0,1.0,1147.0,Zhejiang
2020-03-06T11:03:10,1018.0,4.0,955.0,Hunan
2020-03-06T03:23:06,990.0,6.0,979.0,Anhui
2020-03-06T14:23:04,935.0,1.0,909.0,Jiangxi
2020-03-06T11:03:10,758.0,6.0,618.0,Shandong
2020-03-06T10:23:03,631.0,0.0,594.0,Jiangsu
2020-03-06T11:03:10,576.0,6.0,513.0,Chongqing
2020-03-06T12:53:03,539.0,3.0,442.0,Sichuan
2020-03-06T14:23:04,481.0,13.0,396.0,Heilongjiang
2020-03-06T12:53:03,422.0,8.0,299.0,Beijing
2020-03-06T06:03:13,342.0,3.0,306.0,Shanghai
2020-03-06T03:23:06,318.0,6.0,305.0,Hebei
2020-03-06T12:53:03,296.0,1.0,284.0,Fujian
2020-03-06T00:33:02,252.0,2.0,217.0,Guangxi
2020-03-06T10:23:03,245.0,1.0,226.0,Shaanxi
2020-03-06T03:23:06,174.0,2.0,170.0,Yunnan
2020-03-05T06:13:10,168.0,6.0,158.0,Hainan
2020-03-02T01:13:06,146.0,2.0,114.0,Guizhou
2020-03-05T03:33:27,136.0,3.0,128.0,Tianjin
2020-03-05T14:53:03,133.0,0.0,126.0,Shanxi
2020-03-03T14:33:03,125.0,1.0,106.0,Liaoning
2020-03-06T14:43:15,119.0,2.0,87.0,Gansu
2020-03-06T10:23:03,93.0,1.0,90.0,Jilin
2020-03-06T05:53:03,76.0,3.0,71.0,Xinjiang
2020-03-05T23:53:01,75.0,1.0,65.0,Inner Mongolia
2020-03-06T12:53:03,75.0,0.0,71.0,Ningxia
2020-02-21T04:43:02,18.0,0.0,18.0,Qinghai
2020-02-12T06:43:02,1.0,0.0,1.0,Tibet
2020-03-07T11:13:04,67666.0,2959.0,43500.0,Hubei
2020-03-07T10:43:02,1352.0,7.0,1237.0,Guangdong
2020-03-07T11:23:10,1272.0,22.0,1244.0,Henan
2020-03-07T09:03:05,1215.0,1.0,1154.0,Zhejiang
2020-03-07T09:03:05,1018.0,4.0,960.0,Hunan
2020-03-06T03:23:06,990.0,6.0,979.0,Anhui
2020-03-07T01:13:18,935.0,1.0,916.0,Jiangxi
2020-03-07T13:03:05,758.0,6.0,627.0,Shandong
2020-03-07T14:53:02,631.0,0.0,606.0,Jiangsu
2020-03-07T23:23:02,576.0,6.0,526.0,Chongqing
2020-03-07T13:03:05,539.0,3.0,454.0,Sichuan
2020-03-07T09:03:05,481.0,13.0,403.0,Heilongjiang
2020-03-07T01:03:05,426.0,8.0,303.0,Beijing
2020-03-07T03:53:03,342.0,3.0,313.0,Shanghai
2020-03-07T13:03:05,318.0,6.0,307.0,Hebei
2020-03-07T13:03:05,296.0,1.0,295.0,Fujian
2020-03-07T14:53:02,252.0,2.0,218.0,Guangxi
2020-03-06T10:23:03,245.0,1.0,226.0,Shaanxi
2020-03-06T03:23:06,174.0,2.0,170.0,Yunnan
2020-03-05T06:13:10,168.0,6.0,158.0,Hainan
2020-03-07T00:43:01,146.0,2.0,115.0,Guizhou
2020-03-05T03:33:27,136.0,3.0,128.0,Tianjin
2020-03-05T14:53:03,133.0,0.0,126.0,Shanxi
2020-03-07T14:53:02,125.0,1.0,107.0,Liaoning
2020-03-07T15:03:06,120.0,2.0,87.0,Gansu
2020-03-06T10:23:03,93.0,1.0,90.0,Jilin
2020-03-07T09:03:05,76.0,3.0,72.0,Xinjiang
2020-03-07T03:43:01,75.0,1.0,67.0,Inner Mongolia
2020-03-06T12:53:03,75.0,0.0,71.0,Ningxia
2020-02-21T04:43:02,18.0,0.0,18.0,Qinghai
2020-02-12T06:43:02,1.0,0.0,1.0,Tibet
2020-03-08T14:43:03,67707.0,2986.0,45235.0,Hubei
2020-03-08T14:43:03,1352.0,7.0,1256.0,Guangdong
2020-03-08T05:03:02,1272.0,22.0,1247.0,Henan
2020-03-08T09:03:04,1215.0,1.0,1161.0,Zhejiang
2020-03-08T12:53:03,1018.0,4.0,968.0,Hunan
2020-03-08T05:13:06,990.0,6.0,984.0,Anhui
2020-03-08T06:53:04,935.0,1.0,919.0,Jiangxi
2020-03-08T10:03:11,758.0,6.0,642.0,Shandong
2020-03-08T09:23:05,631.0,0.0,612.0,Jiangsu
2020-03-08T23:23:03,576.0,6.0,527.0,Chongqing
2020-03-08T12:53:03,539.0,3.0,464.0,Sichuan
2020-03-08T14:43:03,481.0,13.0,412.0,Heilongjiang
2020-03-08T01:23:07,428.0,8.0,308.0,Beijing
2020-03-08T04:33:02,342.0,3.0,314.0,Shanghai
2020-03-07T13:03:05,318.0,6.0,307.0,Hebei
2020-03-07T13:03:05,296.0,1.0,295.0,Fujian
2020-03-08T00:23:02,252.0,2.0,223.0,Guangxi
2020-03-08T14:43:03,245.0,1.0,227.0,Shaanxi
2020-03-06T03:23:06,174.0,2.0,170.0,Yunnan
2020-03-08T04:33:02,168.0,6.0,159.0,Hainan
2020-03-08T01:13:11,146.0,2.0,117.0,Guizhou
2020-03-05T03:33:27,136.0,3.0,128.0,Tianjin
2020-03-05T14:53:03,133.0,0.0,126.0,Shanxi
2020-03-08T05:13:06,125.0,1.0,109.0,Liaoning
2020-03-08T14:33:06,124.0,2.0,87.0,Gansu
2020-03-06T10:23:03,93.0,1.0,90.0,Jilin
2020-03-08T05:33:02,76.0,3.0,73.0,Xinjiang
2020-03-08T05:13:06,75.0,1.0,70.0,Inner Mongolia
2020-03-06T12:53:03,75.0,0.0,71.0,Ningxia
2020-02-21T04:43:02,18.0,0.0,18.0,Qinghai
2020-02-12T06:43:02,1.0,0.0,1.0,Tibet
2020-03-09T14:33:03,67743.0,3008.0,46488.0,Hubei
2020-03-09T01:43:01,1352.0,8.0,1260.0,Guangdong
2020-03-08T05:03:02,1272.0,22.0,1247.0,Henan
2020-03-09T09:43:03,1215.0,1.0,1176.0,Zhejiang
2020-03-09T01:33:06,1018.0,4.0,979.0,Hunan
2020-03-08T05:13:06,990.0,6.0,984.0,Anhui
2020-03-09T01:53:01,935.0,1.0,923.0,Jiangxi
2020-03-09T10:13:06,758.0,6.0,700.0,Shandong
2020-03-09T08:53:03,631.0,0.0,621.0,Jiangsu
2020-03-09T23:13:03,576.0,6.0,542.0,Chongqing
2020-03-09T08:53:03,539.0,3.0,466.0,Sichuan
2020-03-09T14:33:03,481.0,13.0,430.0,Heilongjiang
2020-03-09T01:53:01,428.0,8.0,315.0,Beijing
2020-03-09T04:03:11,342.0,3.0,315.0,Shanghai
2020-03-07T13:03:05,318.0,6.0,307.0,Hebei
2020-03-07T13:03:05,296.0,1.0,295.0,Fujian
2020-03-09T00:23:09,252.0,2.0,230.0,Guangxi
2020-03-08T14:43:03,245.0,1.0,227.0,Shaanxi
2020-03-06T03:23:06,174.0,2.0,170.0,Yunnan
2020-03-08T04:33:02,168.0,6.0,159.0,Hainan
2020-03-09T01:13:05,146.0,2.0,123.0,Guizhou
2020-03-09T10:13:06,136.0,3.0,130.0,Tianjin
2020-03-09T11:43:02,133.0,0.0,127.0,Shanxi
2020-03-08T05:13:06,125.0,1.0,109.0,Liaoning
2020-03-09T14:33:03,124.0,2.0,88.0,Gansu
2020-03-09T14:33:03,93.0,1.0,91.0,Jilin
2020-03-08T05:33:02,76.0,3.0,73.0,Xinjiang
2020-03-08T05:13:06,75.0,1.0,70.0,Inner Mongolia
2020-03-06T12:53:03,75.0,0.0,71.0,Ningxia
2020-02-21T04:43:02,18.0,0.0,18.0,Qinghai
2020-02-12T06:43:02,1.0,0.0,1.0,Tibet
2020-03-10T15:13:05,67760.0,3024.0,47743.0,Hubei
2020-03-10T09:13:07,1353.0,8.0,1274.0,Guangdong
2020-03-08T05:03:02,1272.0,22.0,1247.0,Henan
2020-03-10T10:33:02,1215.0,1.0,1191.0,Zhejiang
2020-03-10T08:33:02,1018.0,4.0,990.0,Hunan
2020-03-08T05:13:06,990.0,6.0,984.0,Anhui
2020-03-10T01:33:02,935.0,1.0,927.0,Jiangxi
2020-03-10T07:33:03,758.0,6.0,719.0,Shandong
2020-03-10T08:13:08,631.0,0.0,627.0,Jiangsu
2020-03-10T23:53:02,576.0,6.0,547.0,Chongqing
2020-03-10T10:13:17,539.0,3.0,478.0,Sichuan
2020-03-10T00:13:18,481.0,13.0,434.0,Heilongjiang
2020-03-10T01:13:07,429.0,8.0,320.0,Beijing
2020-03-10T06:13:14,344.0,3.0,319.0,Shanghai
2020-03-07T13:03:05,318.0,6.0,307.0,Hebei
2020-03-07T13:03:05,296.0,1.0,295.0,Fujian
2020-03-10T00:53:02,252.0,2.0,234.0,Guangxi
2020-03-10T08:53:02,245.0,1.0,227.0,Shaanxi
2020-03-06T03:23:06,174.0,2.0,170.0,Yunnan
2020-03-08T04:33:02,168.0,6.0,159.0,Hainan
2020-03-10T01:13:07,146.0,2.0,129.0,Guizhou
2020-03-10T10:13:25,136.0,3.0,131.0,Tianjin
2020-03-10T23:53:02,133.0,0.0,131.0,Shanxi
2020-03-10T14:33:13,125.0,2.0,88.0,Gansu
2020-03-10T04:13:09,125.0,1.0,111.0,Liaoning
2020-03-09T14:33:03,93.0,1.0,91.0,Jilin
2020-03-08T05:33:02,76.0,3.0,73.0,Xinjiang
2020-03-08T05:13:06,75.0,1.0,70.0,Inner Mongolia
2020-03-06T12:53:03,75.0,0.0,71.0,Ningxia
2020-02-21T04:43:02,18.0,0.0,18.0,Qinghai
2020-02-12T06:43:02,1.0,0.0,1.0,Tibet
2020-03-11T10:53:02,67773.0,3046.0,49134.0,Hubei
2020-03-11T10:13:06,1356.0,8.0,1282.0,Guangdong
2020-03-11T08:13:09,1273.0,22.0,1249.0,Henan
2020-03-11T09:33:12,1215.0,1.0,1195.0,Zhejiang
2020-03-11T02:18:14,1018.0,4.0,995.0,Hunan
2020-03-11T02:18:14,990.0,6.0,984.0,Anhui
2020-03-11T02:18:14,935.0,1.0,932.0,Jiangxi
2020-03-11T11:33:07,760.0,6.0,726.0,Shandong
2020-03-11T02:18:14,631.0,0.0,627.0,Jiangsu
2020-03-11T23:13:05,576.0,6.0,554.0,Chongqing
2020-03-11T14:33:03,539.0,3.0,488.0,Sichuan
2020-03-11T11:33:07,482.0,13.0,436.0,Heilongjiang
2020-03-11T02:18:14,435.0,8.0,326.0,Beijing
2020-03-11T03:13:07,344.0,3.0,320.0,Shanghai
2020-03-11T02:18:14,318.0,6.0,307.0,Hebei
2020-03-11T02:18:14,296.0,1.0,295.0,Fujian
2020-03-11T11:33:07,252.0,2.0,238.0,Guangxi
2020-03-11T09:33:12,245.0,1.0,232.0,Shaanxi
2020-03-11T02:18:14,174.0,2.0,170.0,Yunnan
2020-03-11T02:18:14,168.0,6.0,159.0,Hainan
2020-03-11T02:33:03,146.0,2.0,133.0,Guizhou
2020-03-11T02:18:14,136.0,3.0,131.0,Tianjin
2020-03-11T02:18:14,133.0,0.0,131.0,Shanxi
2020-03-11T14:33:03,127.0,2.0,88.0,Gansu
2020-03-11T18:52:03,126.0,3.0,65.0,Hong Kong
2020-03-11T02:18:14,125.0,1.0,111.0,Liaoning
2020-03-11T02:18:14,93.0,1.0,91.0,Jilin
2020-03-11T02:18:14,76.0,3.0,73.0,Xinjiang
2020-03-11T03:53:03,75.0,1.0,71.0,Inner Mongolia
2020-03-11T09:33:12,75.0,0.0,72.0,Ningxia
2020-03-11T02:18:14,18.0,0.0,18.0,Qinghai
2020-03-11T18:52:03,10.0,0.0,10.0,Macau
2020-03-11T02:18:14,1.0,0.0,1.0,Tibet
2020-03-11T02:18:28,0.0,0.0,0.0,Gansu
2020-03-11T02:18:29,0.0,0.0,0.0,Hebei
2020-03-12T09:53:06,67781.0,3056.0,50318.0,Hubei
2020-03-12T03:53:02,1356.0,8.0,1289.0,Guangdong
2020-03-11T08:13:09,1273.0,22.0,1249.0,Henan
2020-03-12T01:33:02,1215.0,1.0,1197.0,Zhejiang
2020-03-12T09:53:06,1018.0,4.0,999.0,Hunan
2020-03-11T02:18:14,990.0,6.0,984.0,Anhui
2020-03-12T02:13:04,935.0,1.0,934.0,Jiangxi
2020-03-12T07:53:02,760.0,6.0,734.0,Shandong
2020-03-12T05:13:02,631.0,0.0,629.0,Jiangsu
2020-03-12T23:44:32,576.0,6.0,564.0,Chongqing
2020-03-12T12:13:07,539.0,3.0,498.0,Sichuan
2020-03-12T13:13:31,482.0,13.0,441.0,Heilongjiang
2020-03-12T01:13:05,435.0,8.0,334.0,Beijing
2020-03-12T07:53:02,344.0,3.0,321.0,Shanghai
2020-03-12T05:33:02,318.0,6.0,308.0,Hebei
2020-03-11T02:18:14,296.0,1.0,295.0,Fujian
2020-03-12T00:33:06,252.0,2.0,241.0,Guangxi
2020-03-12T01:33:02,245.0,2.0,232.0,Shaanxi
2020-03-11T02:18:14,174.0,2.0,170.0,Yunnan
2020-03-12T03:53:02,168.0,6.0,160.0,Hainan
2020-03-12T01:13:06,146.0,2.0,137.0,Guizhou
2020-03-12T01:53:03,136.0,3.0,132.0,Tianjin
2020-03-12T09:13:24,133.0,0.0,132.0,Shanxi
2020-03-12T01:53:02,129.0,3.0,67.0,Hong Kong
2020-03-11T14:33:03,127.0,2.0,88.0,Gansu
2020-03-12T09:53:06,125.0,1.0,112.0,Liaoning
2020-03-12T23:44:32,93.0,1.0,91.0,Jilin
2020-03-11T02:18:14,76.0,3.0,73.0,Xinjiang
2020-03-11T03:53:03,75.0,1.0,71.0,Inner Mongolia
2020-03-11T09:33:12,75.0,0.0,72.0,Ningxia
2020-03-11T02:18:14,18.0,0.0,18.0,Qinghai
2020-03-11T18:52:03,10.0,0.0,10.0,Macau
2020-03-11T02:18:14,1.0,0.0,1.0,Tibet
2020-03-11T02:18:28,0.0,0.0,0.0,Gansu
2020-03-11T02:18:29,0.0,0.0,0.0,Hebei
2020-03-13T11:09:03,67786.0,3062.0,51553.0,Hubei
2020-03-13T11:09:03,1356.0,8.0,1296.0,Guangdong
2020-03-11T08:13:09,1273.0,22.0,1249.0,Henan
2020-03-12T01:33:02,1215.0,1.0,1197.0,Zhejiang
2020-03-13T11:09:03,1018.0,4.0,1005.0,Hunan
2020-03-11T02:18:14,990.0,6.0,984.0,Anhui
2020-03-12T02:13:04,935.0,1.0,934.0,Jiangxi
2020-03-13T11:09:03,760.0,7.0,739.0,Shandong
2020-03-13T11:09:03,631.0,0.0,630.0,Jiangsu
2020-03-13T23:13:12,576.0,6.0,566.0,Chongqing
2020-03-13T11:09:03,539.0,3.0,503.0,Sichuan
2020-03-13T11:09:03,482.0,13.0,446.0,Heilongjiang
2020-03-13T11:09:03,436.0,8.0,342.0,Beijing
2020-03-13T11:09:03,346.0,3.0,324.0,Shanghai
2020-03-13T11:09:03,318.0,6.0,310.0,Hebei
2020-03-11T02:18:14,296.0,1.0,295.0,Fujian
2020-03-13T11:09:03,252.0,2.0,243.0,Guangxi
2020-03-12T01:33:02,245.0,2.0,232.0,Shaanxi
2020-03-11T02:18:14,174.0,2.0,170.0,Yunnan
2020-03-12T03:53:02,168.0,6.0,160.0,Hainan
2020-03-13T11:09:03,146.0,2.0,140.0,Guizhou
2020-03-12T01:53:03,136.0,3.0,132.0,Tianjin
2020-03-13T13:33:03,134.0,4.0,77.0,Hong Kong
2020-03-13T11:09:03,133.0,0.0,133.0,Shanxi
2020-03-13T11:09:03,127.0,2.0,88.0,Gansu
2020-03-12T09:53:06,125.0,1.0,112.0,Liaoning
2020-03-11T02:18:14,76.0,3.0,73.0,Xinjiang
2020-03-11T03:53:03,75.0,1.0,71.0,Inner Mongolia
2020-03-11T09:33:12,75.0,0.0,72.0,Ningxia
2020-03-13T11:09:03,93.0,1.0,91.0,Jilin
2020-03-11T02:18:14,18.0,0.0,18.0,Qinghai
2020-03-11T18:52:03,10.0,0.0,10.0,Macau
2020-03-11T02:18:14,1.0,0.0,1.0,Tibet
2020-03-14T10:13:09,67790.0,3075.0,52960.0,Hubei
2020-03-14T01:13:11,1356.0,8.0,1299.0,Guangdong
2020-03-14T09:53:08,1273.0,22.0,1250.0,Henan
2020-03-14T02:14:15,1227.0,1.0,1211.0,Zhejiang
2020-03-14T08:33:03,1018.0,4.0,1014.0,Hunan
2020-03-11T02:18:14,990.0,6.0,984.0,Anhui
2020-03-12T02:13:04,935.0,1.0,934.0,Jiangxi
2020-03-14T04:33:02,760.0,7.0,741.0,Shandong
2020-03-13T11:09:03,631.0,0.0,630.0,Jiangsu
2020-03-14T23:53:02,576.0,6.0,569.0,Chongqing
2020-03-14T04:33:02,539.0,3.0,511.0,Sichuan
2020-03-14T00:13:05,482.0,13.0,447.0,Heilongjiang
2020-03-14T02:13:47,437.0,8.0,349.0,Beijing
2020-03-14T23:53:02,353.0,3.0,324.0,Shanghai
2020-03-13T11:09:03,318.0,6.0,310.0,Hebei
2020-03-11T02:18:14,296.0,1.0,295.0,Fujian
2020-03-13T11:09:03,252.0,2.0,243.0,Guangxi
2020-03-12T01:33:02,245.0,2.0,232.0,Shaanxi
2020-03-14T23:33:02,174.0,2.0,172.0,Yunnan
2020-03-12T03:53:02,168.0,6.0,160.0,Hainan
2020-03-14T00:53:03,146.0,2.0,143.0,Guizhou
2020-03-14T12:53:06,140.0,4.0,78.0,Hong Kong
2020-03-12T01:53:03,136.0,3.0,132.0,Tianjin
2020-03-13T11:09:03,133.0,0.0,133.0,Shanxi
2020-03-14T03:13:08,129.0,2.0,89.0,Gansu
2020-03-14T00:13:05,125.0,1.0,113.0,Liaoning
2020-03-13T11:09:03,93.0,1.0,91.0,Jilin
2020-03-11T02:18:14,76.0,3.0,73.0,Xinjiang
2020-03-11T03:53:03,75.0,1.0,71.0,Inner Mongolia
2020-03-14T09:53:08,75.0,0.0,73.0,Ningxia
2020-03-11T02:18:14,18.0,0.0,18.0,Qinghai
2020-03-11T18:52:03,10.0,0.0,10.0,Macau
2020-03-11T02:18:14,1.0,0.0,1.0,Tibet
2020-03-15T18:20:18,67794.0,3085.0,54288.0,Hubei
2020-03-15T18:20:18,1360.0,8.0,1304.0,Guangdong
2020-03-14T09:53:08,1273.0,22.0,1250.0,Henan
2020-03-15T01:33:02,1231.0,1.0,1211.0,Zhejiang
2020-03-14T08:33:03,1018.0,4.0,1014.0,Hunan
2020-03-11T02:18:14,990.0,6.0,984.0,Anhui
2020-03-12T02:13:04,935.0,1.0,934.0,Jiangxi
2020-03-14T04:33:02,760.0,7.0,741.0,Shandong
2020-03-15T01:53:02,631.0,0.0,631.0,Jiangsu
2020-03-15T03:53:04,576.0,6.0,570.0,Chongqing
2020-03-15T18:20:18,539.0,3.0,516.0,Sichuan
2020-03-15T00:33:02,482.0,13.0,453.0,Heilongjiang
2020-03-15T01:13:10,442.0,8.0,353.0,Beijing
2020-03-14T23:53:02,353.0,3.0,324.0,Shanghai
2020-03-13T11:09:03,318.0,6.0,310.0,Hebei
2020-03-11T02:18:14,296.0,1.0,295.0,Fujian
2020-03-13T11:09:03,252.0,2.0,243.0,Guangxi
2020-03-12T01:33:02,245.0,2.0,232.0,Shaanxi
2020-03-14T23:33:02,174.0,2.0,172.0,Yunnan
2020-03-12T03:53:02,168.0,6.0,160.0,Hainan
2020-03-14T00:53:03,146.0,2.0,143.0,Guizhou
2020-03-15T18:20:18,145.0,4.0,81.0,Hong Kong
2020-03-15T18:20:18,136.0,3.0,133.0,Tianjin
2020-03-15T18:20:18,133.0,2.0,91.0,Gansu
2020-03-13T11:09:03,133.0,0.0,133.0,Shanxi
2020-03-15T04:13:27,125.0,1.0,114.0,Liaoning
2020-03-13T11:09:03,93.0,1.0,91.0,Jilin
2020-03-11T02:18:14,76.0,3.0,73.0,Xinjiang
2020-03-11T03:53:03,75.0,1.0,71.0,Inner Mongolia
2020-03-14T09:53:08,75.0,0.0,73.0,Ningxia
2020-03-11T02:18:14,18.0,0.0,18.0,Qinghai
2020-03-11T18:52:03,10.0,0.0,10.0,Macau
2020-03-11T02:18:14,1.0,0.0,1.0,Tibet
2020-03-16T14:38:45,67798.0,3099.0,55142.0,Hubei
2020-03-16T01:53:03,1361.0,8.0,1306.0,Guangdong
2020-03-14T09:53:08,1273.0,22.0,1250.0,Henan
2020-03-16T14:38:45,1231.0,1.0,1216.0,Zhejiang
2020-03-14T08:33:03,1018.0,4.0,1014.0,Hunan
2020-03-11T02:18:14,990.0,6.0,984.0,Anhui
2020-03-12T02:13:04,935.0,1.0,934.0,Jiangxi
2020-03-16T14:38:45,760.0,7.0,746.0,Shandong
2020-03-15T01:53:02,631.0,0.0,631.0,Jiangsu
2020-03-15T03:53:04,576.0,6.0,570.0,Chongqing
2020-03-15T18:20:18,539.0,3.0,516.0,Sichuan
2020-03-16T14:38:45,482.0,13.0,455.0,Heilongjiang
2020-03-16T14:38:45,452.0,8.0,360.0,Beijing
2020-03-16T14:38:45,355.0,3.0,325.0,Shanghai
2020-03-13T11:09:03,318.0,6.0,310.0,Hebei
2020-03-11T02:18:14,296.0,1.0,295.0,Fujian
2020-03-16T14:38:45,252.0,2.0,248.0,Guangxi
2020-03-16T14:38:45,245.0,2.0,233.0,Shaanxi
2020-03-16T23:53:02,176.0,2.0,172.0,Yunnan
2020-03-16T14:38:45,168.0,6.0,161.0,Hainan
2020-03-16T14:38:45,155.0,4.0,84.0,Hong Kong
2020-03-16T14:38:45,146.0,2.0,144.0,Guizhou
2020-03-15T18:20:18,136.0,3.0,133.0,Tianjin
2020-03-15T18:20:18,133.0,2.0,91.0,Gansu
2020-03-13T11:09:03,133.0,0.0,133.0,Shanxi
2020-03-16T14:38:45,125.0,1.0,115.0,Liaoning
2020-03-16T00:22:10,93.0,1.0,92.0,Jilin
2020-03-11T02:18:14,76.0,3.0,73.0,Xinjiang
2020-03-16T14:38:45,75.0,1.0,73.0,Inner Mongolia
2020-03-16T14:38:45,75.0,0.0,75.0,Ningxia
2020-03-11T02:18:14,18.0,0.0,18.0,Qinghai
2020-03-16T00:22:10,11.0,0.0,10.0,Macau
2020-03-11T02:18:14,1.0,0.0,1.0,Tibet
2020-03-17T11:53:10,67799.0,3111.0,56003.0,Hubei
2020-03-17T01:53:03,1364.0,8.0,1307.0,Guangdong
2020-03-14T09:53:08,1273.0,22.0,1250.0,Henan
2020-03-17T02:13:21,1232.0,1.0,1216.0,Zhejiang
2020-03-14T08:33:03,1018.0,4.0,1014.0,Hunan
2020-03-11T02:18:14,990.0,6.0,984.0,Anhui
2020-03-12T02:13:04,935.0,1.0,934.0,Jiangxi
2020-03-17T00:33:02,761.0,7.0,746.0,Shandong
2020-03-15T01:53:02,631.0,0.0,631.0,Jiangsu
2020-03-15T03:53:04,576.0,6.0,570.0,Chongqing
2020-03-17T08:33:02,540.0,3.0,520.0,Sichuan
2020-03-17T01:33:02,482.0,13.0,456.0,Heilongjiang
2020-03-17T10:53:03,456.0,8.0,369.0,Beijing
2020-03-17T02:13:20,358.0,3.0,325.0,Shanghai
2020-03-13T11:09:03,318.0,6.0,310.0,Hebei
2020-03-11T02:18:14,296.0,1.0,295.0,Fujian
2020-03-17T00:33:02,253.0,2.0,248.0,Guangxi
2020-03-17T10:53:03,246.0,3.0,236.0,Shaanxi
2020-03-16T23:53:02,176.0,2.0,172.0,Yunnan
2020-03-16T14:38:45,168.0,6.0,161.0,Hainan
2020-03-17T10:13:11,162.0,4.0,88.0,Hong Kong
2020-03-17T07:33:03,147.0,2.0,144.0,Guizhou
2020-03-15T18:20:18,136.0,3.0,133.0,Tianjin
2020-03-15T18:20:18,133.0,2.0,91.0,Gansu
2020-03-13T11:09:03,133.0,0.0,133.0,Shanxi
2020-03-17T12:13:13,125.0,1.0,120.0,Liaoning
2020-03-16T00:22:10,93.0,1.0,92.0,Jilin
2020-03-11T02:18:14,76.0,3.0,73.0,Xinjiang
2020-03-16T14:38:45,75.0,1.0,73.0,Inner Mongolia
2020-03-16T14:38:45,75.0,0.0,75.0,Ningxia
2020-03-11T02:18:14,18.0,0.0,18.0,Qinghai
2020-03-17T04:32:18,12.0,0.0,10.0,Macau
2020-03-11T02:18:14,1.0,0.0,1.0,Tibet
2020-03-18T12:13:09,67800.0,3122.0,56927.0,Hubei
2020-03-18T08:53:03,1370.0,8.0,1313.0,Guangdong
2020-03-14T09:53:08,1273.0,22.0,1250.0,Henan
2020-03-17T02:13:21,1232.0,1.0,1216.0,Zhejiang
2020-03-14T08:33:03,1018.0,4.0,1014.0,Hunan
2020-03-11T02:18:14,990.0,6.0,984.0,Anhui
2020-03-12T02:13:04,935.0,1.0,934.0,Jiangxi
2020-03-17T00:33:02,761.0,7.0,746.0,Shandong
2020-03-15T01:53:02,631.0,0.0,631.0,Jiangsu
2020-03-15T03:53:04,576.0,6.0,570.0,Chongqing
2020-03-18T02:13:05,540.0,3.0,525.0,Sichuan
2020-03-18T11:53:03,482.0,13.0,459.0,Heilongjiang
2020-03-18T05:33:05,469.0,8.0,378.0,Beijing
2020-03-18T05:53:25,361.0,3.0,326.0,Shanghai
2020-03-13T11:09:03,318.0,6.0,310.0,Hebei
2020-03-11T02:18:14,296.0,1.0,295.0,Fujian
2020-03-18T00:33:02,253.0,2.0,250.0,Guangxi
2020-03-18T03:53:02,246.0,3.0,237.0,Shaanxi
2020-03-18T09:33:05,181.0,4.0,92.0,Hong Kong
2020-03-16T23:53:02,176.0,2.0,172.0,Yunnan
2020-03-16T14:38:45,168.0,6.0,161.0,Hainan
2020-03-18T01:53:03,146.0,2.0,144.0,Guizhou
2020-03-15T18:20:18,136.0,3.0,133.0,Tianjin
2020-03-15T18:20:18,133.0,2.0,91.0,Gansu
2020-03-13T11:09:03,133.0,0.0,133.0,Shanxi
2020-03-18T02:13:06,125.0,1.0,122.0,Liaoning
2020-03-16T00:22:10,93.0,1.0,92.0,Jilin
2020-03-11T02:18:14,76.0,3.0,73.0,Xinjiang
2020-03-16T14:38:45,75.0,1.0,73.0,Inner Mongolia
2020-03-16T14:38:45,75.0,0.0,75.0,Ningxia
2020-03-11T02:18:14,18.0,0.0,18.0,Qinghai
2020-03-18T10:33:04,15.0,0.0,10.0,Macau
2020-03-11T02:18:14,1.0,0.0,1.0,Tibet
2020-03-19T10:13:14,67800.0,3130.0,57682.0,Hubei
2020-03-19T01:13:06,1378.0,8.0,1318.0,Guangdong
2020-03-14T09:53:08,1273.0,22.0,1250.0,Henan
2020-03-19T10:13:14,1233.0,1.0,1217.0,Zhejiang
2020-03-14T08:33:03,1018.0,4.0,1014.0,Hunan
2020-03-11T02:18:14,990.0,6.0,984.0,Anhui
2020-03-12T02:13:04,935.0,1.0,934.0,Jiangxi
2020-03-19T01:02:56,761.0,7.0,747.0,Shandong
2020-03-15T01:53:02,631.0,0.0,631.0,Jiangsu
2020-03-15T03:53:04,576.0,6.0,570.0,Chongqing
2020-03-19T10:13:14,540.0,3.0,536.0,Sichuan
2020-03-19T01:02:56,483.0,13.0,460.0,Heilongjiang
2020-03-19T05:13:10,480.0,8.0,380.0,Beijing
2020-03-19T01:02:56,363.0,3.0,326.0,Shanghai
2020-03-13T11:09:03,318.0,6.0,310.0,Hebei
2020-03-11T02:18:14,296.0,1.0,295.0,Fujian
2020-03-18T00:33:02,253.0,2.0,250.0,Guangxi
2020-03-18T03:53:02,246.0,3.0,237.0,Shaanxi
2020-03-19T09:53:20,208.0,4.0,95.0,Hong Kong
2020-03-16T23:53:02,176.0,2.0,172.0,Yunnan
2020-03-16T14:38:45,168.0,6.0,161.0,Hainan
2020-03-18T01:53:03,146.0,2.0,144.0,Guizhou
2020-03-19T23:43:03,137.0,3.0,133.0,Tianjin
2020-03-19T14:33:08,134.0,2.0,91.0,Gansu
2020-03-13T11:09:03,133.0,0.0,133.0,Shanxi
2020-03-18T02:13:06,125.0,1.0,122.0,Liaoning
2020-03-16T00:22:10,93.0,1.0,92.0,Jilin
2020-03-11T02:18:14,76.0,3.0,73.0,Xinjiang
2020-03-19T01:03:02,75.0,1.0,74.0,Inner Mongolia
2020-03-16T14:38:45,75.0,0.0,75.0,Ningxia
2020-03-11T02:18:14,18.0,0.0,18.0,Qinghai
2020-03-19T01:02:56,17.0,0.0,10.0,Macau
2020-03-11T02:18:14,1.0,0.0,1.0,Tibet
